{
 "type": "FeatureCollection",
 "name": "FCAT_Reserve_boundary",
 "crs": {
  "type": "name",
  "properties": {
   "name": "urn:ogc:def:crs:OGC:1.3:CRS84"
  }
 },
 "features": [
  {
   "type": "Feature",
   "properties": {
    "fid": 1,
    "Name": "FCAT Reserve",
    "description": null,
    "timestamp": null,
    "begin": null,
    "end": null,
    "altitudeMode": null,
    "tessellate": -1,
    "extrude": 0,
    "visibility": -1,
    "drawOrder": null,
    "icon": null,
    "area": null,
    "layer": "FCAT - Reserve Boundary",
    "path": "/Volumes/GoogleDrive/Shared drives/FCAT - Data/GIS/Shapefiles/FCAT_GIS - Boundaries, Roads, Rivers - 2023_01_19.gpkg|layername=FCAT - Reserve Boundary",
    "cmt": null,
    "desc": null,
    "src": null,
    "link1_href": null,
    "link1_text": null,
    "link1_type": null,
    "link2_href": null,
    "link2_text": null,
    "link2_type": null,
    "number": null,
    "type": null,
    "gpxx_TrackExtension": null,
    "gpxtrkx_TrackStatsExtension": null
   },
   "geometry": {
    "type": "MultiPolygon",
    "coordinates": [
     [
      [
       [
        -79.673358416,
        0.381637942000054,
        212.991449937475
       ],
       [
        -79.673250373,
        0.381588321000038,
        212.991449937475
       ],
       [
        -79.673238555,
        0.381575413000064,
        212.991449937475
       ],
       [
        -79.673207039,
        0.381578682000054,
        212.991449937475
       ],
       [
        -79.67312296900002,
        0.381561164000061,
        212.991449937475
       ],
       [
        -79.673135625,
        0.381585388000076,
        212.991449937475
       ],
       [
        -79.6729919589999,
        0.381515566000076,
        212.991449937475
       ],
       [
        -79.672928508,
        0.381598631000031,
        212.991449937475
       ],
       [
        -79.672926078,
        0.38160558800007,
        212.991449937475
       ],
       [
        -79.6729126669999,
        0.381584885000052,
        212.991449937475
       ],
       [
        -79.672914511,
        0.381546915000058,
        212.991449937475
       ],
       [
        -79.672896657,
        0.381556051000075,
        212.991449937475
       ],
       [
        -79.672781657,
        0.38168261800007,
        212.991449937475
       ],
       [
        -79.67274963900002,
        0.381662585000072,
        212.991449937475
       ],
       [
        -79.672733126,
        0.38166241700003,
        212.991449937475
       ],
       [
        -79.672667496,
        0.381686557000023,
        212.991449937475
       ],
       [
        -79.67260882300002,
        0.381683875000021,
        212.991449937475
       ],
       [
        -79.672585856,
        0.381695526000044,
        212.991449937475
       ],
       [
        -79.672471862,
        0.38163878000006,
        212.991449937475
       ],
       [
        -79.672430204,
        0.381614137000042,
        212.991449937475
       ],
       [
        -79.6724286959999,
        0.381606342000055,
        212.991449937475
       ],
       [
        -79.672441855,
        0.381604750000065,
        212.991449937475
       ],
       [
        -79.672330041,
        0.381574491000038,
        212.991449937475
       ],
       [
        -79.672302045,
        0.381600056000025,
        212.991449937475
       ],
       [
        -79.672368346,
        0.381647078000071,
        212.991449937475
       ],
       [
        -79.6723074929999,
        0.381700220000028,
        212.991449937475
       ],
       [
        -79.67230690600002,
        0.381685300000072,
        212.991449937475
       ],
       [
        -79.672234906,
        0.381722767000042,
        212.991449937475
       ],
       [
        -79.67222183,
        0.381667782000022,
        212.991449937475
       ],
       [
        -79.6722090059999,
        0.381647749000024,
        212.991449937475
       ],
       [
        -79.672178915,
        0.381636349000075,
        212.991449937475
       ],
       [
        -79.6721158829999,
        0.381642803000034,
        212.991449937475
       ],
       [
        -79.6720920779999,
        0.381626375000053,
        212.991449937475
       ],
       [
        -79.672112027,
        0.38161447300007,
        212.991449937475
       ],
       [
        -79.672068358,
        0.381598212000028,
        212.991449937475
       ],
       [
        -79.67206643000002,
        0.381588908000026,
        212.991449937475
       ],
       [
        -79.672042038,
        0.381574072000035,
        212.991449937475
       ],
       [
        -79.672019994,
        0.381581029000074,
        212.991449937475
       ],
       [
        -79.671991328,
        0.381593434000024,
        212.991449937475
       ],
       [
        -79.671965428,
        0.381599050000034,
        212.991449937475
       ],
       [
        -79.671935504,
        0.381608605000054,
        212.991449937475
       ],
       [
        -79.6719163939999,
        0.381585388000076,
        212.991449937475
       ],
       [
        -79.671889236,
        0.381575078000026,
        212.991449937475
       ],
       [
        -79.67189108,
        0.381579185000021,
        212.991449937475
       ],
       [
        -79.6718338319999,
        0.381566361000068,
        212.991449937475
       ],
       [
        -79.671767866,
        0.381591255000046,
        212.991449937475
       ],
       [
        -79.6717268789999,
        0.381593518000045,
        212.991449937475
       ],
       [
        -79.6716704689999,
        0.381548759000054,
        212.991449937475
       ],
       [
        -79.671669379,
        0.381570887000066,
        212.991449937475
       ],
       [
        -79.671642976,
        0.38157792800007,
        212.991449937475
       ],
       [
        -79.6716370249999,
        0.381566528000064,
        212.991449937475
       ],
       [
        -79.67154013,
        0.381526630000053,
        212.991449937475
       ],
       [
        -79.671502076,
        0.381522691000043,
        212.991449937475
       ],
       [
        -79.67145673,
        0.381544819000055,
        212.991449937475
       ],
       [
        -79.671455137,
        0.381517829000074,
        212.991449937475
       ],
       [
        -79.671425885,
        0.381524367000054,
        212.991449937475
       ],
       [
        -79.671378024,
        0.381515231000037,
        212.991449937475
       ],
       [
        -79.671336953,
        0.381493522000028,
        212.991449937475
       ],
       [
        -79.671286577,
        0.381478937000054,
        212.991449937475
       ],
       [
        -79.671214409,
        0.381439459000035,
        212.991449937475
       ],
       [
        -79.671126315,
        0.381463095000072,
        212.991449937475
       ],
       [
        -79.671061188,
        0.381391263000069,
        212.991449937475
       ],
       [
        -79.671029085,
        0.38142018000002,
        212.991449937475
       ],
       [
        -79.670985835,
        0.381428143000051,
        212.991449937475
       ],
       [
        -79.6709116549999,
        0.381403249000073,
        212.991449937475
       ],
       [
        -79.67084175,
        0.381342228000051,
        212.991449937475
       ],
       [
        -79.670821885,
        0.381323872000053,
        212.991449937475
       ],
       [
        -79.6707989179999,
        0.381317921000061,
        212.991449937475
       ],
       [
        -79.670621809,
        0.381342815000039,
        212.991449937475
       ],
       [
        -79.670586269,
        0.381358154000054,
        212.991449937475
       ],
       [
        -79.670501109,
        0.381350191000024,
        212.991449937475
       ],
       [
        -79.6704652349999,
        0.381313646000024,
        212.991449937475
       ],
       [
        -79.670399688,
        0.38131029300007,
        212.991449937475
       ],
       [
        -79.670342607,
        0.381285734000073,
        212.991449937475
       ],
       [
        -79.670289801,
        0.381283052000072,
        212.991449937475
       ],
       [
        -79.6702575309999,
        0.381298810000032,
        212.991449937475
       ],
       [
        -79.670212353,
        0.381300570000065,
        212.991449937475
       ],
       [
        -79.670173964,
        0.381288249000022,
        212.991449937475
       ],
       [
        -79.670116799,
        0.381292105000057,
        212.991449937475
       ],
       [
        -79.670078494,
        0.381301576000055,
        212.991449937475
       ],
       [
        -79.670069693,
        0.381307779000053,
        212.991449937475
       ],
       [
        -79.6700536829999,
        0.381316245000051,
        212.991449937475
       ],
       [
        -79.669980258,
        0.381315993000044,
        212.991449937475
       ],
       [
        -79.669903144,
        0.381323034000047,
        212.991449937475
       ],
       [
        -79.669776661,
        0.381322699000066,
        212.991449937475
       ],
       [
        -79.669728382,
        0.381338792000065,
        212.991449937475
       ],
       [
        -79.669703152,
        0.381329488000063,
        212.991449937475
       ],
       [
        -79.669698374,
        0.381330159000072,
        212.991449937475
       ],
       [
        -79.6696773359999,
        0.381328650000057,
        212.991449937475
       ],
       [
        -79.669628888,
        0.38132906900006,
        212.991449937475
       ],
       [
        -79.669559654,
        0.38133066100005,
        212.991449937475
       ],
       [
        -79.669422275,
        0.381334433000063,
        212.991449937475
       ],
       [
        -79.669328649,
        0.381323369000029,
        212.991449937475
       ],
       [
        -79.66929134899992,
        0.381316831000049,
        212.991449937475
       ],
       [
        -79.66924633799991,
        0.381310210000038,
        212.991449937475
       ],
       [
        -79.669214822,
        0.381299313000056,
        212.991449937475
       ],
       [
        -79.6691716559999,
        0.381316328000025,
        212.991449937475
       ],
       [
        -79.669089094,
        0.38133820500002,
        212.991449937475
       ],
       [
        -79.668951379,
        0.381381791000024,
        212.991449937475
       ],
       [
        -79.668881139,
        0.381409200000064,
        212.991449937475
       ],
       [
        -79.668754656,
        0.381454378000058,
        212.991449937475
       ],
       [
        -79.6686913729999,
        0.38147516500004,
        212.991449937475
       ],
       [
        -79.668611577,
        0.381408194000073,
        212.991449937475
       ],
       [
        -79.668591125,
        0.381375169000023,
        212.991449937475
       ],
       [
        -79.668600597,
        0.381293697000046,
        212.991449937475
       ],
       [
        -79.668589868,
        0.381264780000038,
        212.991449937475
       ],
       [
        -79.66858911299991,
        0.381245837000051,
        212.991449937475
       ],
       [
        -79.6685715949999,
        0.381240388000037,
        212.991449937475
       ],
       [
        -79.668566901,
        0.381239299000072,
        212.991449937475
       ],
       [
        -79.6685048749999,
        0.381212812000058,
        212.991449937475
       ],
       [
        -79.668489704,
        0.381192779000059,
        212.991449937475
       ],
       [
        -79.668438323,
        0.381131927000069,
        212.991449937475
       ],
       [
        -79.668382332,
        0.38107627100004,
        212.991449937475
       ],
       [
        -79.668298764,
        0.38099664300006,
        212.991449937475
       ],
       [
        -79.668252747,
        0.380930174000071,
        212.991449937475
       ],
       [
        -79.6681866979999,
        0.380824981000046,
        212.991449937475
       ],
       [
        -79.668183848,
        0.38082154500006,
        212.991449937475
       ],
       [
        -79.66814965,
        0.380751220000036,
        212.991449937475
       ],
       [
        -79.6680758059999,
        0.380661953000072,
        212.991449937475
       ],
       [
        -79.668074716,
        0.380645273000027,
        212.991449937475
       ],
       [
        -79.668015372,
        0.380572602000029,
        212.991449937475
       ],
       [
        -79.668013528,
        0.380559443000038,
        212.991449937475
       ],
       [
        -79.667962734,
        0.380504876000032,
        212.991449937475
       ],
       [
        -79.6679471429999,
        0.380480569000042,
        212.991449937475
       ],
       [
        -79.667941025,
        0.38047034300007,
        212.991449937475
       ],
       [
        -79.667942282,
        0.380466571000056,
        212.991449937475
       ],
       [
        -79.667941695,
        0.380466403000071,
        212.991449937475
       ],
       [
        -79.6679122749999,
        0.380424410000046,
        212.991449937475
       ],
       [
        -79.6679067429999,
        0.380418291000069,
        212.991449937475
       ],
       [
        -79.66790506599992,
        0.380400689000055,
        212.991449937475
       ],
       [
        -79.667907916,
        0.380391050000071,
        212.991449937475
       ],
       [
        -79.667900959,
        0.380384847000073,
        212.991449937475
       ],
       [
        -79.6678976059999,
        0.380365234000067,
        212.991449937475
       ],
       [
        -79.6678547910903,
        0.380405233799439,
        212.991449937475
       ],
       [
        -79.6678540993788,
        0.380405515847687,
        132.768246798544
       ],
       [
        -79.6678228341179,
        0.380351670090468,
        237.274008080114
       ],
       [
        -79.6677394398,
        0.3803941514,
        472.14
       ],
       [
        -79.6676759887,
        0.3804248292,
        471.83
       ],
       [
        -79.6676683612,
        0.3804445267,
        471.34
       ],
       [
        -79.6675130446,
        0.3804354742,
        468.01
       ],
       [
        -79.6673876513,
        0.3804032877,
        465.11
       ],
       [
        -79.6671515331,
        0.3803082369,
        463.08
       ],
       [
        -79.66712311840001,
        0.3803468775,
        462.74
       ],
       [
        -79.6670836397,
        0.3803519066,
        463.14
       ],
       [
        -79.6671589033166,
        0.380403509245698,
        462.787248692183
       ],
       [
        -79.6671224479,
        0.3804039583,
        462.7
       ],
       [
        -79.6671154909,
        0.3804615419,
        462.52
       ],
       [
        -79.6671180055,
        0.380480988,
        462.74
       ],
       [
        -79.6671357751,
        0.380611578,
        462.12
       ],
       [
        -79.6671261359,
        0.3806872666,
        462.02
       ],
       [
        -79.6671304107,
        0.3807223868,
        461.12
       ],
       [
        -79.6671007387,
        0.3807116579,
        459.37
       ],
       [
        -79.6670808736,
        0.3807061259,
        458.21
       ],
       [
        -79.6670866571,
        0.3808980715,
        455.42
       ],
       [
        -79.6671248786,
        0.3810018394,
        458.53
       ],
       [
        -79.6671816241,
        0.3811071161,
        460.06
       ],
       [
        -79.6671926044,
        0.3811333515,
        460.4
       ],
       [
        -79.6672013216,
        0.3811500315,
        461.06
       ],
       [
        -79.6673371922,
        0.3813084494,
        464.19
       ],
       [
        -79.6674189996,
        0.3814535402,
        465.13
       ],
       [
        -79.6674834564,
        0.3815363534,
        466.11
       ],
       [
        -79.6674840504053,
        0.381536835396352,
        469.464383320718
       ],
       [
        -79.6674800199,
        0.3815520275,
        472.54
       ],
       [
        -79.6674547903,
        0.3815501835,
        473.95
       ],
       [
        -79.6674055047,
        0.3815563861,
        473.28
       ],
       [
        -79.66738455,
        0.3815618344,
        473.03
       ],
       [
        -79.6673115436,
        0.3815827891,
        472.79
       ],
       [
        -79.6672823746,
        0.3815854713,
        472.59
       ],
       [
        -79.6672371123,
        0.3816312365,
        472.1
       ],
       [
        -79.6671704762,
        0.3816603217,
        471.41
       ],
       [
        -79.6671664529,
        0.3816639259,
        470.92
       ],
       [
        -79.66703326440002,
        0.3817034047,
        468.67
       ],
       [
        -79.6670327615,
        0.381719498,
        468.19
       ],
       [
        -79.6669328492,
        0.3817645926,
        466.02
       ],
       [
        -79.6668106411,
        0.3818359226,
        464.63
       ],
       [
        -79.666731013,
        0.381891327,
        464.71
       ],
       [
        -79.6666984912,
        0.3819045704,
        464.81
       ],
       [
        -79.6666805539,
        0.3819127008,
        464.62
       ],
       [
        -79.6666219644,
        0.3819384333,
        461.43
       ],
       [
        -79.666489698,
        0.3819796722,
        458.09
       ],
       [
        -79.6664227266,
        0.3820599709,
        454.99
       ],
       [
        -79.6664144285,
        0.3820432071,
        451.75
       ],
       [
        -79.6664012689,
        0.3820586298,
        448.71
       ],
       [
        -79.6663367283,
        0.3821272776,
        445.59
       ],
       [
        -79.6663308609,
        0.3821309656,
        445.56
       ],
       [
        -79.6662980039,
        0.3821712825,
        442.25
       ],
       [
        -79.6662725229,
        0.3821872082,
        441.9
       ],
       [
        -79.6662603691,
        0.3822592087,
        438.6
       ],
       [
        -79.6662522387,
        0.382319726,
        437.15
       ],
       [
        -79.6661700122,
        0.3822205681,
        434.04
       ],
       [
        -79.6661472134,
        0.3822249267,
        433.74
       ],
       [
        -79.6660667472,
        0.38227899,
        430.47
       ],
       [
        -79.6660692617,
        0.3822839353,
        430.2
       ],
       [
        -79.6660369076,
        0.3823170438,
        426.38
       ],
       [
        -79.6660348897308,
        0.38231604348684,
        425.627995088542
       ],
       [
        -79.66597689320001,
        0.3824027069,
        425.12
       ],
       [
        -79.6659081616,
        0.3824381623,
        428.22
       ],
       [
        -79.6658201516,
        0.3824503161,
        431.36
       ],
       [
        -79.66571789230001,
        0.3824803233,
        433.12
       ],
       [
        -79.6657141205,
        0.3824862745,
        433.63
       ],
       [
        -79.6657071635,
        0.3825197183,
        436.68
       ],
       [
        -79.665631894,
        0.3825140186,
        440.02
       ],
       [
        -79.66561823150002,
        0.3825280163,
        442.86
       ],
       [
        -79.6655847039,
        0.3825288545,
        445.03
       ],
       [
        -79.6654836182,
        0.3824977577,
        446.97
       ],
       [
        -79.6654748172,
        0.382532794,
        450.31
       ],
       [
        -79.6654313151,
        0.3826125897,
        451.71
       ],
       [
        -79.6654049959,
        0.3826462012,
        450.4
       ],
       [
        -79.6653208416,
        0.382662043,
        448.39
       ],
       [
        -79.6652921755,
        0.3826859314,
        447.05
       ],
       [
        -79.6652737353,
        0.382695403,
        446.56
       ],
       [
        -79.6652692929,
        0.3827121668,
        446.02
       ],
       [
        -79.66519586740002,
        0.3827615362,
        445.9
       ],
       [
        -79.6651278064,
        0.3828733508,
        447.69
       ],
       [
        -79.6651402954,
        0.3828351293,
        447.91
       ],
       [
        -79.6650123037,
        0.3828768712,
        447.63
       ],
       [
        -79.6649993118,
        0.3828740213,
        445.92
       ],
       [
        -79.664995037,
        0.382888522,
        445.59
       ],
       [
        -79.664931586,
        0.3829137515,
        444.6
       ],
       [
        -79.6648927778,
        0.3829354607,
        443.93
       ],
       [
        -79.6648581605,
        0.3829916194,
        442.42
       ],
       [
        -79.6647853218,
        0.3830281645,
        440.73
       ],
       [
        -79.6647307556,
        0.3830642067,
        440.22
       ],
       [
        -79.664661102,
        0.3831393924,
        437.31
       ],
       [
        -79.6646129061,
        0.3831946291,
        436.46
       ],
       [
        -79.664511485,
        0.3832723293,
        434.85
       ],
       [
        -79.6643964015,
        0.3833344392,
        433.34
       ],
       [
        -79.6643840801,
        0.3833833896,
        432.39
       ],
       [
        -79.6643004287,
        0.383347515,
        429.17
       ],
       [
        -79.6642210521,
        0.3833019175,
        426.34
       ],
       [
        -79.6641732752,
        0.3833252192,
        422.98
       ],
       [
        -79.6639558487,
        0.3833944537,
        419.51
       ],
       [
        -79.66394537130002,
        0.3833978903,
        418.58
       ],
       [
        -79.6637764759,
        0.3833734151,
        415.63
       ],
       [
        -79.6637551021,
        0.3835044242,
        412.48
       ],
       [
        -79.6637150366,
        0.3836609144,
        410.51
       ],
       [
        -79.6636950038,
        0.3837095294,
        409.4
       ],
       [
        -79.6634718776,
        0.3838837054,
        406.17
       ],
       [
        -79.6634355001,
        0.383904241,
        406.13
       ],
       [
        -79.6634516772,
        0.3839450609,
        406.7
       ],
       [
        -79.66323207130002,
        0.3840826917,
        406.32
       ],
       [
        -79.6631654352,
        0.3840934206,
        402.96
       ],
       [
        -79.6631725598,
        0.3841461428,
        402.4
       ],
       [
        -79.663177086,
        0.3841753118,
        402.24
       ],
       [
        -79.6631458215,
        0.3842197359,
        402.57
       ],
       [
        -79.6630782634,
        0.3842510004,
        400.49
       ],
       [
        -79.6630097833,
        0.3842603043,
        401.71
       ],
       [
        -79.6628856473,
        0.3843722865,
        398.61
       ],
       [
        -79.6627383772,
        0.3846473806,
        398.38
       ],
       [
        -79.6623733453,
        0.3847964108,
        395.45
       ],
       [
        -79.662249377,
        0.3849378973,
        393.98
       ],
       [
        -79.6621151827,
        0.3850162681,
        394.04
       ],
       [
        -79.6620785538,
        0.3850411624,
        393.06
       ],
       [
        -79.6619996801,
        0.3850606922,
        391
       ],
       [
        -79.6619462036,
        0.3851243109,
        389.81
       ],
       [
        -79.6618828364,
        0.3851797991,
        387.66
       ],
       [
        -79.6617907193,
        0.3852559905,
        385.04
       ],
       [
        -79.6617606282,
        0.3852730896,
        383.9
       ],
       [
        -79.6617145278,
        0.3853368759,
        382.72
       ],
       [
        -79.6616628114,
        0.3853310924,
        381.52
       ],
       [
        -79.6615843568,
        0.3853659611,
        379.96
       ],
       [
        -79.6615477279,
        0.3854108881,
        380.26
       ],
       [
        -79.66150322,
        0.3854066972,
        379.74
       ],
       [
        -79.6614653338,
        0.3854087926,
        379.41
       ],
       [
        -79.6613779105,
        0.3854188509,
        377.97
       ],
       [
        -79.6613154653,
        0.3854558151,
        376.75
       ],
       [
        -79.661261167958,
        0.38544521392167,
        377.441140992177
       ],
       [
        -79.6612615697,
        0.3854290769,
        377.96
       ],
       [
        -79.6612409502,
        0.3854420688,
        378.03
       ],
       [
        -79.6611495037,
        0.3855113033,
        376.22
       ],
       [
        -79.6611254476,
        0.3855280671,
        374.83
       ],
       [
        -79.6611114498,
        0.3855396342,
        371.77
       ],
       [
        -79.6610764973,
        0.3855147399,
        369.38
       ],
       [
        -79.661056716,
        0.3855178412,
        367.94
       ],
       [
        -79.6610640921,
        0.3855112195,
        366.63
       ],
       [
        -79.6610166505,
        0.385534605,
        364.98
       ],
       [
        -79.6609901637,
        0.3855051007,
        363.15
       ],
       [
        -79.6609884873,
        0.3855223674,
        361.93
       ],
       [
        -79.6609405428,
        0.385549441,
        359.59
       ],
       [
        -79.6609463679335,
        0.385579701260342,
        355.399905114296
       ],
       [
        -79.6609783452,
        0.3855589125,
        352.84
       ],
       [
        -79.6609677002,
        0.3855728265,
        352.03
       ],
       [
        -79.6609409371423,
        0.385613856392053,
        348.662629777514
       ],
       [
        -79.6609158162,
        0.3856183402,
        344.89
       ],
       [
        -79.6608484257,
        0.3856941964,
        341.76
       ],
       [
        -79.66076804320001,
        0.3857221082,
        341.89
       ],
       [
        -79.6607067715,
        0.385768963,
        341.2
       ],
       [
        -79.660686655,
        0.3857785184,
        340.81
       ],
       [
        -79.6606506966,
        0.385789834,
        340.18
       ],
       [
        -79.6604603436,
        0.3858777601,
        336.84
       ],
       [
        -79.6605065279,
        0.3858761676,
        335.34
       ],
       [
        -79.66049747540002,
        0.3859289736,
        333.88
       ],
       [
        -79.66048037630001,
        0.3859150596,
        330.59
       ],
       [
        -79.6604775265,
        0.3859248664,
        327.52
       ],
       [
        -79.6604267322,
        0.3859803546,
        324.91
       ],
       [
        -79.6604046039,
        0.3860040754,
        321.77
       ],
       [
        -79.6603413206,
        0.3860492539,
        321.46
       ],
       [
        -79.6603497025,
        0.3860701248,
        319.47
       ],
       [
        -79.6603728365,
        0.3860909957,
        316.53
       ],
       [
        -79.6602968965,
        0.3861118667,
        316.95
       ],
       [
        -79.6602921188,
        0.3861385211,
        313.96
       ],
       [
        -79.6603070969453,
        0.386148539918684,
        310.939425849228
       ],
       [
        -79.6602590941,
        0.3861287981,
        309.34
       ],
       [
        -79.6602599323,
        0.3861339949,
        309.07
       ],
       [
        -79.6602209564,
        0.3861837834,
        308.53
       ],
       [
        -79.6601969004,
        0.3862332366,
        306.88
       ],
       [
        -79.6601630375,
        0.3862612322,
        305.37
       ],
       [
        -79.6601103991,
        0.3863075003,
        302.66
       ],
       [
        -79.6601192839,
        0.3863296285,
        299.68
       ],
       [
        -79.6598679945,
        0.386228459,
        296.77
       ],
       [
        -79.659740841,
        0.3863066621,
        297.17
       ],
       [
        -79.6596877836,
        0.3863466438,
        297.38
       ],
       [
        -79.65960312630001,
        0.3864163812,
        298.74
       ],
       [
        -79.65941595840002,
        0.386305321,
        299.22
       ],
       [
        -79.6593871247,
        0.3862945084,
        299.18
       ],
       [
        -79.6593720373,
        0.3862832766,
        299.22
       ],
       [
        -79.6592913195,
        0.3862257767,
        299.01
       ],
       [
        -79.6592648327,
        0.3862035647,
        298.28
       ],
       [
        -79.658972891,
        0.3858334199,
        298.24
       ],
       [
        -79.6589504275,
        0.3858137224,
        298.23
       ],
       [
        -79.6587526146,
        0.3857101221,
        298.09
       ],
       [
        -79.658741802,
        0.3857101221,
        297.95
       ],
       [
        -79.6587128844,
        0.3856761754,
        297.52
       ],
       [
        -79.6586529538,
        0.3857147321,
        297.38
       ],
       [
        -79.6585020795,
        0.3857621737,
        297.64
       ],
       [
        -79.6584543027,
        0.3857736569,
        297.69
       ],
       [
        -79.65838884,
        0.3858156502,
        297.61
       ],
       [
        -79.6582900174,
        0.3858666122,
        297.61
       ],
       [
        -79.6582086291,
        0.3859137185,
        297.38
       ],
       [
        -79.6581325214,
        0.3859187476,
        297.34
       ],
       [
        -79.6580948029,
        0.3859108686,
        297.3
       ],
       [
        -79.6580111515,
        0.3858668637,
        298.08
       ],
       [
        -79.6579234768,
        0.385861164,
        298.06
       ],
       [
        -79.6579149272,
        0.385859739,
        297.99
       ],
       [
        -79.6577852592,
        0.3857739083,
        297.41
       ],
       [
        -79.6577778831,
        0.3857665323,
        297.34
       ],
       [
        -79.6577177849,
        0.3856368642,
        296.76
       ],
       [
        -79.6577248257,
        0.3856027499,
        296.75
       ],
       [
        -79.6577248257,
        0.3855611756,
        296.97
       ],
       [
        -79.6577101573,
        0.3855168354,
        296.74
       ],
       [
        -79.6577060502,
        0.3854619339,
        296.74
       ],
       [
        -79.65763145130002,
        0.3852556553,
        297.43
       ],
       [
        -79.65758602130002,
        0.385139063,
        297.61
       ],
       [
        -79.6575894579,
        0.3850458562,
        297.68
       ],
       [
        -79.6576843411,
        0.3849368077,
        297.89
       ],
       [
        -79.6577290166,
        0.3849210497,
        298.7
       ],
       [
        -79.6577593591,
        0.3848114144,
        298.59
       ],
       [
        -79.6577547491,
        0.38471343,
        297.83
       ],
       [
        -79.6577653941,
        0.3846469615,
        297.97
       ],
       [
        -79.6577309445,
        0.3845908865,
        296.88
       ],
       [
        -79.6577305254,
        0.384486448,
        296.75
       ],
       [
        -79.6576317027,
        0.3842346556,
        296.86
       ],
       [
        -79.6574883722,
        0.3842867911,
        295.64
       ],
       [
        -79.6574618854,
        0.3842878807,
        295.8
       ],
       [
        -79.6574468107671,
        0.384264238744803,
        296.641999074932
       ],
       [
        -79.6574484743,
        0.3842237592,
        300.13
       ],
       [
        -79.6574503183,
        0.3841867112,
        303.41
       ],
       [
        -79.6574647352,
        0.3841778263,
        305.28
       ],
       [
        -79.6574769728,
        0.3841646668,
        305.9
       ],
       [
        -79.6574961673,
        0.3841328993,
        309.39
       ],
       [
        -79.6574961673,
        0.3841240145,
        310.14
       ],
       [
        -79.6574933175,
        0.3841064125,
        313.79
       ],
       [
        -79.6575042388228,
        0.384145576702618,
        316.439038802447
       ],
       [
        -79.6575050522,
        0.3841443826,
        317.98
       ],
       [
        -79.6575850993,
        0.3841403592,
        321.84
       ],
       [
        -79.6576139331,
        0.3841123637,
        323.71
       ],
       [
        -79.6576183755,
        0.3840958513,
        324.34
       ],
       [
        -79.6576346364,
        0.3841018025,
        325.69
       ],
       [
        -79.6576902922,
        0.3840879723,
        329.15
       ],
       [
        -79.65769540520002,
        0.3840684425,
        329.78
       ],
       [
        -79.6577254124,
        0.3840548638,
        331.17
       ],
       [
        -79.6577316988,
        0.3840513434,
        331.48
       ],
       [
        -79.6577572636,
        0.3840364236,
        334.93
       ],
       [
        -79.6577671543,
        0.3839648422,
        337.5
       ],
       [
        -79.6578069683,
        0.383948246,
        340.54
       ],
       [
        -79.6578667313,
        0.3839928377,
        343.77
       ],
       [
        -79.6578961518,
        0.3840005491,
        345.5
       ],
       [
        -79.6579163522,
        0.3840097692,
        346.79
       ],
       [
        -79.6579702478,
        0.3839444742,
        349.88
       ],
       [
        -79.6580198687,
        0.383906588,
        353.59
       ],
       [
        -79.6580325253,
        0.3839049116,
        354.27
       ],
       [
        -79.6580677293,
        0.3839070071,
        357.36
       ],
       [
        -79.6580694057,
        0.3839035705,
        358.11
       ],
       [
        -79.6581009217,
        0.3839104436,
        361.72
       ],
       [
        -79.6581407357,
        0.3838779218,
        364.76
       ],
       [
        -79.6582157537,
        0.3838323243,
        367.1
       ],
       [
        -79.6582662966,
        0.3837917559,
        368.34
       ],
       [
        -79.65831055310001,
        0.3837161511,
        371.48
       ],
       [
        -79.6583165042,
        0.3836976271,
        374.85
       ],
       [
        -79.6583568212,
        0.3837053385,
        378.38
       ],
       [
        -79.65836294,
        0.383701399,
        378.53
       ],
       [
        -79.6584098786,
        0.3836351819,
        381.8
       ],
       [
        -79.6584215295,
        0.3835848905,
        384.91
       ],
       [
        -79.6584989782,
        0.3834979702,
        388.93
       ],
       [
        -79.6585225314,
        0.3834224492,
        391.61
       ],
       [
        -79.658556059,
        0.3833868261,
        394.86
       ],
       [
        -79.65862219220001,
        0.3833323438,
        397.97
       ],
       [
        -79.65865748,
        0.3832644504,
        401.26
       ],
       [
        -79.6587073524,
        0.3832176793,
        404.64
       ],
       [
        -79.6587803587,
        0.3831848223,
        407.93
       ],
       [
        -79.658825621,
        0.3831334412,
        410.29
       ],
       [
        -79.6588213462,
        0.3831194434,
        410.57
       ],
       [
        -79.6588505991,
        0.383055741,
        414.05
       ],
       [
        -79.6588861383,
        0.3830371331,
        417.13
       ],
       [
        -79.6588992979,
        0.3830338642,
        418.55
       ],
       [
        -79.6589265391,
        0.3829994146,
        421.08
       ],
       [
        -79.6590173151,
        0.3829601035,
        424.16
       ],
       [
        -79.6590331569,
        0.3829442617,
        424.5
       ],
       [
        -79.6590868849,
        0.382898245,
        427.43
       ],
       [
        -79.6591391042,
        0.3827749472,
        430.59
       ],
       [
        -79.6591505036,
        0.3827644698,
        430.9
       ],
       [
        -79.6591949277,
        0.3827161063,
        433.66
       ],
       [
        -79.6592409443,
        0.3826751187,
        436.5
       ],
       [
        -79.6592955105,
        0.3826494701,
        439.72
       ],
       [
        -79.6593032219,
        0.3826340474,
        440.65
       ],
       [
        -79.659354908315,
        0.382581205984633,
        221.823546385148
       ],
       [
        -79.6571710725261,
        0.383556448790903,
        0
       ],
       [
        -79.6566666246242,
        0.38339751315057,
        0
       ],
       [
        -79.6565215094743,
        0.38306582137944,
        0
       ],
       [
        -79.6562934713816,
        0.38295525745573,
        0
       ],
       [
        -79.656245099665,
        0.38273412960831,
        0
       ],
       [
        -79.6554348734116,
        0.381631945493826,
        0
       ],
       [
        -79.6552206558094,
        0.381203510289449,
        0
       ],
       [
        -79.6553243094879,
        0.380961651706334,
        0
       ],
       [
        -79.6551239123761,
        0.380623049689972,
        0
       ],
       [
        -79.6576409692018,
        0.376988260698006,
        0
       ],
       [
        -79.65864468232182,
        0.375609666774247,
        0
       ],
       [
        -79.6582922598149,
        0.374161970398169,
        0
       ],
       [
        -79.659218232676,
        0.372693543286396,
        0
       ],
       [
        -79.6592192891161,
        0.372694362269572,
        0
       ],
       [
        -79.6594282299738,
        0.372185759239535,
        0
       ],
       [
        -79.6596794490598,
        0.372389528095355,
        0
       ],
       [
        -79.6608806984934,
        0.371343278394626,
        0
       ],
       [
        -79.6608971497622,
        0.37134437514596,
        0
       ],
       [
        -79.6610107790803,
        0.371268949513937,
        0
       ],
       [
        -79.6609886549,
        0.3712634929,
        0
       ],
       [
        -79.66090517120001,
        0.3712919075,
        0
       ],
       [
        -79.6608905029,
        0.371307414,
        0
       ],
       [
        -79.6608370263,
        0.3712837771,
        0
       ],
       [
        -79.660828393,
        0.3712266963,
        0
       ],
       [
        -79.6608340926,
        0.3711833619,
        0
       ],
       [
        -79.6607941392236,
        0.371174299304285,
        0
       ],
       [
        -79.66075427592942,
        0.371179408294199,
        0
       ],
       [
        -79.6607162720224,
        0.371184060414554,
        0
       ],
       [
        -79.660688614523,
        0.371187067063681,
        0
       ],
       [
        -79.6606508333492,
        0.3711877544433,
        0
       ],
       [
        -79.6606246877793,
        0.37118373023597,
        0
       ],
       [
        -79.660588,
        0.3711734712,
        0
       ],
       [
        -79.660563441,
        0.3711809311,
        0
       ],
       [
        -79.6604325995,
        0.3712707013,
        0
       ],
       [
        -79.66026554820002,
        0.3713445459,
        0
       ],
       [
        -79.6602435037,
        0.3713628184,
        0
       ],
       [
        -79.66019621419031,
        0.371285409935412,
        0
       ],
       [
        -79.6602333211185,
        0.371263806446072,
        0
       ],
       [
        -79.6603236347,
        0.3712412808,
        0
       ],
       [
        -79.660431426,
        0.3712084237,
        0
       ],
       [
        -79.6605498202556,
        0.371123076214618,
        0
       ],
       [
        -79.6605754305911,
        0.371096037339476,
        0
       ],
       [
        -79.6607276425,
        0.3710335772,
        0
       ],
       [
        -79.6607599966,
        0.3710600641,
        0
       ],
       [
        -79.6608488448,
        0.3710751515,
        0
       ],
       [
        -79.6608537901,
        0.3710593097,
        0
       ],
       [
        -79.6609639283,
        0.3710137121,
        0
       ],
       [
        -79.6610578056,
        0.3709485009,
        0
       ],
       [
        -79.6611640044,
        0.3708116245,
        0
       ],
       [
        -79.66110566630002,
        0.3705915157,
        0
       ],
       [
        -79.6611311473,
        0.370530244,
        0
       ],
       [
        -79.6611303127432,
        0.370518288986116,
        0
       ],
       [
        -79.6593070298927,
        0.369428696554866,
        0
       ],
       [
        -79.6589308780743,
        0.369493607915138,
        0
       ],
       [
        -79.65716536519601,
        0.368863067601443,
        0
       ],
       [
        -79.6567870410077,
        0.368106419225009,
        0
       ],
       [
        -79.6573545272901,
        0.367412824879944,
        0
       ],
       [
        -79.6571023111646,
        0.366782284566249,
        0
       ],
       [
        -79.6555890144117,
        0.366467014409402,
        0
       ],
       [
        -79.6539496095961,
        0.36545814990749,
        0
       ],
       [
        -79.6533821233138,
        0.365142879750642,
        0
       ],
       [
        -79.6518057725296,
        0.364701501531056,
        0
       ],
       [
        -79.6501033136826,
        0.36407096121736,
        0
       ],
       [
        -79.6463831258318,
        0.362683772527231,
        0
       ],
       [
        -79.644365396828,
        0.361674908025319,
        0
       ],
       [
        -79.6436718024829,
        0.361990178182167,
        0
       ],
       [
        -79.6427890460437,
        0.362368502370384,
        0
       ],
       [
        -79.6420954516987,
        0.36154879996258,
        0
       ],
       [
        -79.6408974251026,
        0.360729097554777,
        0
       ],
       [
        -79.6393210743184,
        0.36028771933519,
        0
       ],
       [
        -79.6386274799733,
        0.360476881429299,
        0
       ],
       [
        -79.6379969396596,
        0.359657179021495,
        0
       ],
       [
        -79.6378708315969,
        0.358333044362736,
        0
       ],
       [
        -79.6381861017537,
        0.356441423421651,
        0
       ],
       [
        -79.6377447235342,
        0.355495612951108,
        0
       ],
       [
        -79.6376186154714,
        0.354612856511935,
        0
       ],
       [
        -79.6406452089772,
        0.353225667821806,
        0
       ],
       [
        -79.6415910194477,
        0.353036505727698,
        0
       ],
       [
        -79.6429782081378,
        0.353036505727698,
        0
       ],
       [
        -79.6466983959886,
        0.353856208135501,
        0
       ],
       [
        -79.6480225306474,
        0.354802018606044,
        0
       ],
       [
        -79.6506707999649,
        0.355432558919739,
        0
       ],
       [
        -79.65136439431,
        0.355495612951108,
        0
       ],
       [
        -79.6555890144117,
        0.356882801641237,
        0
       ],
       [
        -79.6574175813214,
        0.357387233892193,
        0
       ],
       [
        -79.657858959541,
        0.357513341954932,
        0
       ],
       [
        -79.6588047700116,
        0.35776555808041,
        0
       ],
       [
        -79.6587417159802,
        0.357071963735346,
        0
       ],
       [
        -79.6588047700116,
        0.356378369390281,
        0
       ],
       [
        -79.6589939321057,
        0.355936991170695,
        0
       ],
       [
        -79.6596875264508,
        0.355684775045217,
        0
       ],
       [
        -79.66038112079582,
        0.355369504888369,
        0
       ],
       [
        -79.660759444984,
        0.355369504888369,
        0
       ],
       [
        -79.6610116611095,
        0.355495612951108,
        0
       ],
       [
        -79.6611377691722,
        0.356378369390281,
        0
       ],
       [
        -79.6612008232036,
        0.356315315358912,
        0
       ],
       [
        -79.66153964137051,
        0.35975404681762,
        0
       ],
       [
        -79.66124843117781,
        0.360077613698464,
        0
       ],
       [
        -79.6608277942327,
        0.361048314340997,
        0
       ],
       [
        -79.6606336541042,
        0.361436594598011,
        0
       ],
       [
        -79.6604718706637,
        0.362148441735868,
        0
       ],
       [
        -79.6604718706637,
        0.362536721992881,
        0
       ],
       [
        -79.6604131367582,
        0.362605715416866,
        0
       ],
       [
        -79.6604555659,
        0.3626079205,
        0
       ],
       [
        -79.6605258062,
        0.3626438789,
        0
       ],
       [
        -79.6605820488,
        0.3626645822,
        0
       ],
       [
        -79.660649607,
        0.3626828548,
        0
       ],
       [
        -79.6607447416,
        0.3627238423,
        0
       ],
       [
        -79.6607848071,
        0.3627521731,
        0
       ],
       [
        -79.6608540416,
        0.3627838567,
        0
       ],
       [
        -79.6609035786,
        0.3628271911,
        0
       ],
       [
        -79.6609546244,
        0.3628567792,
        0
       ],
       [
        -79.6609954443,
        0.3628803324,
        0
       ],
       [
        -79.6610822808,
        0.3629116807,
        0
       ],
       [
        -79.6611387748,
        0.3629381675,
        0
       ],
       [
        -79.661172051,
        0.3629493155,
        0
       ],
       [
        -79.6611838695,
        0.362949064,
        0
       ],
       [
        -79.661344802,
        0.3630428575,
        0
       ],
       [
        -79.6614419483,
        0.3631094098,
        0
       ],
       [
        -79.6615073271,
        0.3631320409,
        0
       ],
       [
        -79.6615635697,
        0.3631534986,
        0
       ],
       [
        -79.6615884639,
        0.3631714359,
        0
       ],
       [
        -79.6616473049,
        0.3632212244,
        0
       ],
       [
        -79.66165040620001,
        0.3632232361,
        0
       ],
       [
        -79.6616705228,
        0.3632387426,
        0
       ],
       [
        -79.6617564373,
        0.3632712644,
        0
       ],
       [
        -79.661867246,
        0.3633323684,
        0
       ],
       [
        -79.6619408391,
        0.3633415885,
        0
       ],
       [
        -79.6620139293,
        0.363364974,
        0
       ],
       [
        -79.6621040348,
        0.3633928858,
        0
       ],
       [
        -79.6621674858,
        0.363431694,
        0
       ],
       [
        -79.6622149274,
        0.3634596895,
        0
       ],
       [
        -79.6622228064,
        0.3634609468,
        0
       ],
       [
        -79.6622490417,
        0.3634704184,
        0
       ],
       [
        -79.6622716729,
        0.3634993359,
        0
       ],
       [
        -79.662290113,
        0.3635166865,
        0
       ],
       [
        -79.6623112354,
        0.3635381442,
        0
       ],
       [
        -79.6623354591,
        0.3635593504,
        0
       ],
       [
        -79.6623441763,
        0.3635630384,
        0
       ],
       [
        -79.6623763628,
        0.363585921,
        0
       ],
       [
        -79.6624042746,
        0.3636190295,
        0
       ],
       [
        -79.6624460164,
        0.3636724222,
        0
       ],
       [
        -79.662490692,
        0.3637244739,
        0
       ],
       [
        -79.6624979004,
        0.3637403995,
        0
       ],
       [
        -79.6625339426,
        0.3637923673,
        0
       ],
       [
        -79.6625412349,
        0.3637972288,
        0
       ],
       [
        -79.6625475213,
        0.3638000786,
        0
       ],
       [
        -79.6625606809,
        0.363799911,
        0
       ],
       [
        -79.6625910234,
        0.3637405671,
        0
       ],
       [
        -79.6626185366411,
        0.363769674245301,
        0
       ],
       [
        -79.662649406707,
        0.363777553163482,
        0
       ],
       [
        -79.6626906004,
        0.3637763578,
        0
       ],
       [
        -79.6627502795,
        0.3638310079,
        0
       ],
       [
        -79.6628718171,
        0.3638324328,
        0
       ],
       [
        -79.662881121,
        0.3638292477,
        0
       ],
       [
        -79.6629283112,
        0.3638428263,
        0
       ],
       [
        -79.6629414707,
        0.3638695646,
        0
       ],
       [
        -79.6629944444,
        0.3638946265,
        0
       ],
       [
        -79.6630537044,
        0.3639163356,
        0
       ],
       [
        -79.6631132998,
        0.3639688063,
        0
       ],
       [
        -79.6631744877,
        0.3640005738,
        0
       ],
       [
        -79.663231317,
        0.3640835546,
        0
       ],
       [
        -79.6632989589,
        0.3641334269,
        0
       ],
       [
        -79.6633216739,
        0.3641411383,
        0
       ],
       [
        -79.6633492503,
        0.3641530406,
        0
       ],
       [
        -79.6633750666,
        0.3641827963,
        0
       ],
       [
        -79.6634208318,
        0.36423577,
        0
       ],
       [
        -79.6634873841,
        0.3642895818,
        0
       ],
       [
        -79.6635380108,
        0.3643084411,
        0
       ],
       [
        -79.6636157949,
        0.3643530328,
        0
       ],
       [
        -79.663637504,
        0.3643499315,
        0
       ],
       [
        -79.6637011226,
        0.3643734846,
        0
       ],
       [
        -79.663795922,
        0.3644159809,
        0
       ],
       [
        -79.6638017055,
        0.3644196689,
        0
       ],
       [
        -79.6638661623,
        0.3644749895,
        0
       ],
       [
        -79.6639669966,
        0.36453031,
        0
       ],
       [
        -79.6640462056,
        0.3645598143,
        0
       ],
       [
        -79.6640933119,
        0.364597952,
        0
       ],
       [
        -79.6641091537,
        0.3646274563,
        0
       ],
       [
        -79.6641855128,
        0.3646917455,
        0
       ],
       [
        -79.6642581001,
        0.3647261951,
        0
       ],
       [
        -79.6643390693,
        0.3647460602,
        0
       ],
       [
        -79.6644041967,
        0.3647245187,
        0
       ],
       [
        -79.6644419152,
        0.3647356667,
        0
       ],
       [
        -79.6644774545,
        0.3647131193,
        0
       ],
       [
        -79.664492961,
        0.3647132032,
        0
       ],
       [
        -79.6645185258,
        0.3647640813,
        0
       ],
       [
        -79.6645219624,
        0.3647655901,
        0
       ],
       [
        -79.6645299252,
        0.3647961002,
        0
       ],
       [
        -79.6645160113,
        0.3648135345,
        0
       ],
       [
        -79.664549036,
        0.3648609761,
        0
       ],
       [
        -79.6646067034,
        0.3649120219,
        0
       ],
       [
        -79.6646627784,
        0.3649540991,
        0
       ],
       [
        -79.6647663787,
        0.3650364093,
        0
       ],
       [
        -79.66487349940002,
        0.3650880419,
        0
       ],
       [
        -79.6649056021,
        0.3651006147,
        0
       ],
       [
        -79.6649757586,
        0.3651561029,
        0
       ],
       [
        -79.6649780218,
        0.3651545104,
        0
       ],
       [
        -79.6650910098,
        0.3652151115,
        0
       ],
       [
        -79.6652032435,
        0.3652603738,
        0
       ],
       [
        -79.6652620845,
        0.3652993497,
        0
       ],
       [
        -79.6653488372,
        0.3653188795,
        0
       ],
       [
        -79.6653732285,
        0.3653505631,
        0
       ],
       [
        -79.6654108632,
        0.3653840907,
        0
       ],
       [
        -79.665462831,
        0.3654255811,
        0
       ],
       [
        -79.6655757353,
        0.3654681612,
        0
       ],
       [
        -79.6656005457,
        0.3654870205,
        0
       ],
       [
        -79.665729627,
        0.3655451071,
        0
       ],
       [
        -79.6658924036,
        0.3656108212,
        0
       ],
       [
        -79.6660344768,
        0.3656632081,
        0
       ],
       [
        -79.6661943197,
        0.3656937182,
        0
       ],
       [
        -79.6663198806,
        0.3657653835,
        0
       ],
       [
        -79.6664102376,
        0.3658144176,
        0
       ],
       [
        -79.6664407477,
        0.3658395633,
        0
       ],
       [
        -79.6665095631,
        0.3658548184,
        0
       ],
       [
        -79.6665342059,
        0.3658730071,
        0
       ],
       [
        -79.6666217968,
        0.365896225,
        0
       ],
       [
        -79.666636968,
        0.3659057803,
        0
       ],
       [
        -79.6666856669,
        0.3659597598,
        0
       ],
       [
        -79.6667230502,
        0.3659996577,
        0
       ],
       [
        -79.6667424962,
        0.3659735899,
        0
       ],
       [
        -79.6667930391,
        0.3660079557,
        0
       ],
       [
        -79.6668156702,
        0.3660127334,
        0
       ],
       [
        -79.6668794565,
        0.3660563193,
        0
       ],
       [
        -79.6669662092,
        0.3661144059,
        0
       ],
       [
        -79.6670702286,
        0.3661729954,
        0
       ],
       [
        -79.66713887640002,
        0.3662166651,
        0
       ],
       [
        -79.6671910118,
        0.3662719857,
        0
       ],
       [
        -79.6672842186,
        0.3663226124,
        0
       ],
       [
        -79.6674722247,
        0.3664200939,
        0
       ],
       [
        -79.6676325705,
        0.3665462416,
        0
       ],
       [
        -79.667787971,
        0.3666142188,
        0
       ],
       [
        -79.6679331455,
        0.3666986246,
        0
       ],
       [
        -79.6680325549,
        0.3667715471,
        0
       ],
       [
        -79.6682322957,
        0.3668178152,
        0
       ],
       [
        -79.6684207208,
        0.3669071663,
        0
       ],
       [
        -79.6685459465,
        0.3669856209,
        0
       ],
       [
        -79.6686889417,
        0.3671043925,
        0
       ],
       [
        -79.668762954,
        0.3671813384,
        0
       ],
       [
        -79.6687680669,
        0.3671846073,
        0
       ],
       [
        -79.6688098088,
        0.3672052268,
        0
       ],
       [
        -79.668913912,
        0.367255602,
        0
       ],
       [
        -79.6689604316,
        0.3672976792,
        0
       ],
       [
        -79.6690160036,
        0.3673273511,
        0
       ],
       [
        -79.6690675523,
        0.3673543409,
        0
       ],
       [
        -79.66911708940002,
        0.367402453,
        0
       ],
       [
        -79.6692299098,
        0.3674769681,
        0
       ],
       [
        -79.6693542134,
        0.3675278462,
        0
       ],
       [
        -79.6693857294,
        0.3675747011,
        0
       ],
       [
        -79.6694049239,
        0.3675815742,
        0
       ],
       [
        -79.6694548801,
        0.3676160239,
        0
       ],
       [
        -79.6694644354,
        0.3676412534,
        0
       ],
       [
        -79.6695692092,
        0.3676443547,
        0
       ],
       [
        -79.6696689539,
        0.3676673211,
        0
       ],
       [
        -79.6697026491,
        0.3677088954,
        0
       ],
       [
        -79.6697837859,
        0.367776705,
        0
       ],
       [
        -79.6698908228,
        0.3678528126,
        0
       ],
       [
        -79.6699245181,
        0.3678803891,
        0
       ],
       [
        -79.6699850354,
        0.3679387271,
        0
       ],
       [
        -79.6700074989,
        0.367979547,
        0
       ],
       [
        -79.6700592991,
        0.3679722548,
        0
       ],
       [
        -79.6701243427,
        0.368036963,
        0
       ],
       [
        -79.6701798309,
        0.3680261504,
        0
       ],
       [
        -79.6701914817,
        0.3680833988,
        0
       ],
       [
        -79.6702192258,
        0.368126398,
        0
       ],
       [
        -79.6702813357,
        0.3681631107,
        0
       ],
       [
        -79.6703760512,
        0.3682210296,
        0
       ],
       [
        -79.6704286058,
        0.3682385478,
        0
       ],
       [
        -79.670448387,
        0.3682674654,
        0
       ],
       [
        -79.6704697609,
        0.3683302458,
        0
       ],
       [
        -79.6704980079,
        0.3683569003,
        0
       ],
       [
        -79.6705175377,
        0.368356565,
        0
       ],
       [
        -79.6705802344,
        0.3684264701,
        0
       ],
       [
        -79.6706089005,
        0.3684182558,
        0
       ],
       [
        -79.6706312802,
        0.3684323374,
        0
       ],
       [
        -79.6706089843,
        0.3684936091,
        0
       ],
       [
        -79.6706513129,
        0.3685440682,
        0
       ],
       [
        -79.6706591919,
        0.368610369,
        0
       ],
       [
        -79.6706947312,
        0.3686536197,
        0
       ],
       [
        -79.670727253,
        0.3687321581,
        0
       ],
       [
        -79.6708493773,
        0.3688003868,
        0
       ],
       [
        -79.670892125,
        0.3687755764,
        0
       ],
       [
        -79.6709005069,
        0.3686842136,
        0
       ],
       [
        -79.670907883,
        0.368692847,
        0
       ],
       [
        -79.6709433384,
        0.3687513527,
        0
       ],
       [
        -79.6709484514,
        0.3687490057,
        0
       ],
       [
        -79.6710432507,
        0.3687248658,
        0
       ],
       [
        -79.671138972,
        0.3687040787,
        0
       ],
       [
        -79.6712489426,
        0.3687118739,
        0
       ],
       [
        -79.6713506989,
        0.3686614148,
        0
       ],
       [
        -79.6714464203,
        0.3686156496,
        0
       ],
       [
        -79.6715102065,
        0.3685910907,
        0
       ],
       [
        -79.6715423092,
        0.3685746621,
        0
       ],
       [
        -79.6715478413,
        0.3685568925,
        0
       ],
       [
        -79.6716179978,
        0.368585391,
        0
       ],
       [
        -79.6716499329,
        0.3685840499,
        0
       ],
       [
        -79.6716399584,
        0.3686003108,
        0
       ],
       [
        -79.6716517769,
        0.3686021548,
        0
       ],
       [
        -79.6716856398,
        0.3685905878,
        0
       ],
       [
        -79.6717581432,
        0.3685956169,
        0
       ],
       [
        -79.6718585584,
        0.36861456,
        0
       ],
       [
        -79.671932403,
        0.3686814476,
        0
       ],
       [
        -79.6719903219,
        0.3687412944,
        0
       ],
       [
        -79.6720680222,
        0.3688165639,
        0
       ],
       [
        -79.6720642503,
        0.3688847926,
        0
       ],
       [
        -79.67203826640001,
        0.3689578827,
        0
       ],
       [
        -79.6720300522,
        0.3690631595,
        0
       ],
       [
        -79.6720049065,
        0.3691950906,
        0
       ],
       [
        -79.6720873006,
        0.3693007026,
        0
       ],
       [
        -79.6721526794,
        0.3693737928,
        0
       ],
       [
        -79.6722209081,
        0.3694341425,
        0
       ],
       [
        -79.6722649969,
        0.3694483917,
        0
       ],
       [
        -79.6722737979,
        0.3694212344,
        0
       ],
       [
        -79.6722831856,
        0.3694469668,
        0
       ],
       [
        -79.6723286156,
        0.3694994375,
        0
       ],
       [
        -79.6723095886,
        0.3696337994,
        0
       ],
       [
        -79.6723250952,
        0.3696933948,
        0
       ],
       [
        -79.6723484807,
        0.369753493,
        0
       ],
       [
        -79.6723487321,
        0.3698533215,
        0
       ],
       [
        -79.67228972350001,
        0.3700005077,
        0
       ],
       [
        -79.6722727921,
        0.3701530583,
        0
       ],
       [
        -79.6722615603,
        0.370254647,
        0
       ],
       [
        -79.6722014621,
        0.3703788668,
        0
       ],
       [
        -79.6722017974,
        0.3705083672,
        0
       ],
       [
        -79.67217925,
        0.3706278093,
        0
       ],
       [
        -79.6721291263,
        0.3707273025,
        0
       ],
       [
        -79.6721468959,
        0.37080626,
        0
       ],
       [
        -79.6723199822,
        0.3710175678,
        0
       ],
       [
        -79.6724303719,
        0.3711668495,
        0
       ],
       [
        -79.6724503208,
        0.3713433724,
        0
       ],
       [
        -79.6724148653,
        0.3715132736,
        0
       ],
       [
        -79.6724198945,
        0.3716477193,
        0
       ],
       [
        -79.6724125184,
        0.3716863599,
        0
       ],
       [
        -79.6724068187,
        0.3717341367,
        0
       ],
       [
        -79.6723546833,
        0.3719244059,
        0
       ],
       [
        -79.6723274421,
        0.3720142599,
        0
       ],
       [
        -79.6723008715,
        0.3720462788,
        0
       ],
       [
        -79.6723582037,
        0.3722137492,
        0
       ],
       [
        -79.6723709442,
        0.3722732607,
        0
       ],
       [
        -79.6724649891,
        0.3724029288,
        0
       ],
       [
        -79.6725697629,
        0.3724761028,
        0
       ],
       [
        -79.672645703,
        0.3725877497,
        0
       ],
       [
        -79.67266439460002,
        0.3726102132,
        0
       ],
       [
        -79.672736479,
        0.3727568127,
        0
       ],
       [
        -79.6728186216,
        0.3728962038,
        0
       ],
       [
        -79.6727675758,
        0.3731060866,
        0
       ],
       [
        -79.6727052983,
        0.3732411191,
        0
       ],
       [
        -79.6726847626,
        0.3733006306,
        0
       ],
       [
        -79.6726934798,
        0.3734031413,
        0
       ],
       [
        -79.6727050468,
        0.3734391835,
        0
       ],
       [
        -79.67271636240001,
        0.3735576198,
        0
       ],
       [
        -79.6727766283,
        0.3736256808,
        0
       ],
       [
        -79.672893472,
        0.3736049775,
        0
       ],
       [
        -79.6729704179,
        0.3735765629,
        0
       ],
       [
        -79.6730969008,
        0.3735830169,
        0
       ],
       [
        -79.6731132455,
        0.3735868726,
        0
       ],
       [
        -79.6732172649,
        0.3736027144,
        0
       ],
       [
        -79.6733280737,
        0.3735268582,
        0
       ],
       [
        -79.67337551530001,
        0.3735043108,
        0
       ],
       [
        -79.6735138167,
        0.3735328931,
        0
       ],
       [
        -79.6736853942,
        0.3736549336,
        0
       ],
       [
        -79.6737428103,
        0.3737592045,
        0
       ],
       [
        -79.6738573071,
        0.3738680016,
        0
       ],
       [
        -79.6739267092,
        0.374039663,
        0
       ],
       [
        -79.6740466543,
        0.3742298484,
        0
       ],
       [
        -79.6741375141,
        0.374368066,
        0
       ],
       [
        -79.6741899848,
        0.3745108098,
        0
       ],
       [
        -79.6742763184,
        0.3746023402,
        0
       ],
       [
        -79.6743217483,
        0.3747025039,
        0
       ],
       [
        -79.6743922401,
        0.3747895081,
        0
       ],
       [
        -79.6744496562,
        0.374885397,
        0
       ],
       [
        -79.6745315474,
        0.374921523,
        0
       ],
       [
        -79.6745675057,
        0.3749703057,
        0
       ],
       [
        -79.6746270172,
        0.3750356007,
        0
       ],
       [
        -79.6747190505,
        0.3751342557,
        0
       ],
       [
        -79.6747916378,
        0.3752734791,
        0
       ],
       [
        -79.6748220641,
        0.3754902352,
        0
       ],
       [
        -79.6748486347,
        0.3755963501,
        0
       ],
       [
        -79.6748867724,
        0.3756619804,
        0
       ],
       [
        -79.6748892032,
        0.3756853659,
        0
       ],
       [
        -79.6748954058,
        0.3757184744,
        0
       ],
       [
        -79.67489129860002,
        0.3757288679,
        0
       ],
       [
        -79.6749237366,
        0.3757486492,
        0
       ],
       [
        -79.6749551687,
        0.3758605476,
        0
       ],
       [
        -79.6750098187,
        0.376005806,
        0
       ],
       [
        -79.6750040352,
        0.3761074785,
        0
       ],
       [
        -79.6749905404,
        0.3762104083,
        0
       ],
       [
        -79.67497235160002,
        0.376328174,
        0
       ],
       [
        -79.6749632992,
        0.3764331993,
        0
       ],
       [
        -79.6749565098,
        0.3765264899,
        0
       ],
       [
        -79.6749997605,
        0.3766821418,
        0
       ],
       [
        -79.6749921329,
        0.3768021706,
        0
       ],
       [
        -79.6749869362,
        0.3769226186,
        0
       ],
       [
        -79.674986098,
        0.3769306652,
        0
       ],
       [
        -79.6749915462,
        0.3770259675,
        0
       ],
       [
        -79.6749936417,
        0.3771822061,
        0
       ],
       [
        -79.6749876067,
        0.377262421,
        0
       ],
       [
        -79.6749901213,
        0.3773205914,
        0
       ],
       [
        -79.6749823261,
        0.3774272092,
        0
       ],
       [
        -79.6749986708,
        0.3775088489,
        0
       ],
       [
        -79.6749875229,
        0.3775253613,
        0
       ],
       [
        -79.67498308050001,
        0.3775598109,
        0
       ],
       [
        -79.6749726031,
        0.3776354995,
        0
       ],
       [
        -79.6749266703,
        0.3776512574,
        0
       ],
       [
        -79.6749242395,
        0.3776899818,
        0
       ],
       [
        -79.6749275085,
        0.3777154628,
        0
       ],
       [
        -79.6749544144,
        0.3777994495,
        0
       ],
       [
        -79.6748628002,
        0.3778423648,
        0
       ],
       [
        -79.6747959126,
        0.3778162971,
        0
       ],
       [
        -79.6748036239,
        0.3778772335,
        0
       ],
       [
        -79.6747385804,
        0.3779788222,
        0
       ],
       [
        -79.6745579503,
        0.3780607134,
        0
       ],
       [
        -79.6744714491,
        0.3781948239,
        0
       ],
       [
        -79.674455272,
        0.3782801516,
        0
       ],
       [
        -79.6744221635,
        0.3783835843,
        0
       ],
       [
        -79.6744281147,
        0.37844209,
        0
       ],
       [
        -79.674459463,
        0.378543511,
        0
       ],
       [
        -79.6745017078,
        0.3786075488,
        0
       ],
       [
        -79.674516879,
        0.3786295932,
        0
       ],
       [
        -79.6745235007,
        0.3786286712,
        0
       ],
       [
        -79.6745429467,
        0.3787152562,
        0
       ],
       [
        -79.674555352,
        0.3787896037,
        0
       ],
       [
        -79.6745913103,
        0.3788714949,
        0
       ],
       [
        -79.6746015362,
        0.3789732512,
        0
       ],
       [
        -79.6746147797,
        0.3790315893,
        0
       ],
       [
        -79.6745799948,
        0.3791482653,
        0
       ],
       [
        -79.6745657455,
        0.3791696392,
        0
       ],
       [
        -79.6745195612,
        0.3792848904,
        0
       ],
       [
        -79.6744449623,
        0.3793296497,
        0
       ],
       [
        -79.67433507550001,
        0.3793975431,
        0
       ],
       [
        -79.6742249373,
        0.3795176558,
        0
       ],
       [
        -79.6741814353,
        0.3795483336,
        0
       ],
       [
        -79.6741474047,
        0.3796177357,
        0
       ],
       [
        -79.6741132904,
        0.3797152173,
        0
       ],
       [
        -79.6740992926,
        0.3797796741,
        0
       ],
       [
        -79.6740978677,
        0.3797851223,
        0
       ],
       [
        -79.6741500869,
        0.3798872139,
        0
       ],
       [
        -79.6741743945,
        0.3799652494,
        0
       ],
       [
        -79.6741836984,
        0.3801084962,
        0
       ],
       [
        -79.6742275357,
        0.380187789,
        0
       ],
       [
        -79.6743143722,
        0.3802902158,
        0
       ],
       [
        -79.674345972,
        0.380406389,
        0
       ],
       [
        -79.6743806731,
        0.380484676,
        0
       ],
       [
        -79.6744318027,
        0.3806181159,
        0
       ],
       [
        -79.6744463872,
        0.3806706704,
        0
       ],
       [
        -79.6745488141,
        0.3806720953,
        0
       ],
       [
        -79.67456708660002,
        0.3807477839,
        0
       ],
       [
        -79.6746071521,
        0.3809278272,
        0
       ],
       [
        -79.6745820064,
        0.3810486104,
        0
       ],
       [
        -79.674537247,
        0.3810973093,
        0
       ],
       [
        -79.6746143606,
        0.3811009973,
        0
       ],
       [
        -79.6745514963,
        0.3811419848,
        0
       ],
       [
        -79.6745239198,
        0.3811285738,
        0
       ],
       [
        -79.6744638216,
        0.3811407275,
        0
       ],
       [
        -79.6743284538,
        0.3811514564,
        0
       ],
       [
        -79.67429115440001,
        0.3811693098,
        0
       ],
       [
        -79.6742657572,
        0.3811862413,
        0
       ],
       [
        -79.67425033450002,
        0.3811979759,
        0
       ],
       [
        -79.67421890240001,
        0.3812233731,
        0
       ],
       [
        -79.6742159687,
        0.3812273126,
        0
       ],
       [
        -79.6741761547,
        0.3812273126,
        0
       ],
       [
        -79.674140783,
        0.3812318388,
        0
       ],
       [
        -79.6740916651,
        0.3812371194,
        0
       ],
       [
        -79.6740638372,
        0.38127576,
        0
       ],
       [
        -79.6740281302,
        0.3812691383,
        0
       ],
       [
        -79.6740176529,
        0.3812653664,
        0
       ],
       [
        -79.6739788447,
        0.3812759276,
        0
       ],
       [
        -79.6739735641,
        0.3812791128,
        0
       ],
       [
        -79.673943473,
        0.3812931944,
        0
       ],
       [
        -79.6739093587,
        0.3813260514,
        0
       ],
       [
        -79.6739006415,
        0.3813273925,
        0
       ],
       [
        -79.6738582291,
        0.3813569807,
        0
       ],
       [
        -79.6738566365,
        0.3813935257,
        0
       ],
       [
        -79.6738309041,
        0.3814160731,
        0
       ],
       [
        -79.6737889107,
        0.3814189229,
        0
       ],
       [
        -79.6737441514,
        0.3814018238,
        0
       ],
       [
        -79.67368983660002,
        0.381385982,
        0
       ],
       [
        -79.6736643557,
        0.3813966271,
        0
       ],
       [
        -79.6736152377,
        0.3814234491,
        0
       ],
       [
        -79.6735745855,
        0.3814405482,
        0
       ],
       [
        -79.673566455,
        0.3814701363,
        0
       ],
       [
        -79.6735273954,
        0.3814812843,
        0
       ],
       [
        -79.6734925266,
        0.3814839665,
        0
       ],
       [
        -79.673470566,
        0.3814858943,
        0
       ],
       [
        -79.6734470967,
        0.3815046698,
        0
       ],
       [
        -79.673427064,
        0.3815100342,
        0
       ],
       [
        -79.6733953707392,
        0.381551185581356,
        0
       ],
       [
        -79.6733707022157,
        0.381606454052924,
        0
       ],
       [
        -79.6733695657652,
        0.381609000207906,
        0
       ],
       [
        -79.6733698203732,
        0.381610368725942,
        0
       ],
       [
        -79.673358416,
        0.381637942000054,
        212.991449937475
       ]
      ],
      [
       [
        -79.6613076702,
        0.3689558711,
        0
       ],
       [
        -79.6612939877056,
        0.368955153479073,
        0
       ],
       [
        -79.6612957422786,
        0.368982294530813,
        0
       ],
       [
        -79.6613076702,
        0.3689558711,
        0
       ]
      ]
     ],
     [
      [
       [
        -79.6545424685,
        0.4002204537,
        542.88
       ],
       [
        -79.6545305662,
        0.4002553225,
        542.04
       ],
       [
        -79.65445554820002,
        0.4002163466,
        539.13
       ],
       [
        -79.6544375271,
        0.4001855012,
        536.36
       ],
       [
        -79.6544345934,
        0.4002304282,
        533.05
       ],
       [
        -79.6543661971,
        0.400195308,
        529.65
       ],
       [
        -79.6542321704,
        0.4001750238,
        527.06
       ],
       [
        -79.654163355,
        0.4000219703,
        523.7
       ],
       [
        -79.6541194338,
        0.3999808989,
        522.82
       ],
       [
        -79.6540649515,
        0.3998695035,
        520.17
       ],
       [
        -79.6538523026,
        0.3997964971,
        517.15
       ],
       [
        -79.6538240556,
        0.3997714352,
        514.03
       ],
       [
        -79.6537425835,
        0.3997756261,
        513.97
       ],
       [
        -79.6536800545,
        0.3997201379,
        512.74
       ],
       [
        -79.6535809804,
        0.3996568546,
        511.41
       ],
       [
        -79.6534114145,
        0.3996055573,
        508.13
       ],
       [
        -79.6533811558,
        0.3995980974,
        511.08
       ],
       [
        -79.6533182915,
        0.3995511588,
        512.43
       ],
       [
        -79.65321745720001,
        0.3995164577,
        512.32
       ],
       [
        -79.6531611308,
        0.3994986042,
        513.26
       ],
       [
        -79.65311695820002,
        0.3994942456,
        513.62
       ],
       [
        -79.6530742105,
        0.3994577006,
        511.44
       ],
       [
        -79.653026266,
        0.3994035535,
        509.23
       ],
       [
        -79.6529701073,
        0.3993724566,
        507.99
       ],
       [
        -79.6529333107,
        0.3993342351,
        506.7
       ],
       [
        -79.6528747212,
        0.3992937505,
        504.77
       ],
       [
        -79.6528271958,
        0.3992697783,
        501.69
       ],
       [
        -79.6528045647,
        0.3992551938,
        498.73
       ],
       [
        -79.6527650859,
        0.3992173914,
        495.6
       ],
       [
        -79.6527124476,
        0.3991634957,
        494.08
       ],
       [
        -79.6526558697,
        0.3991116956,
        495.86
       ],
       [
        -79.6525483299,
        0.3990658466,
        494.95
       ],
       [
        -79.6525058337,
        0.3990614042,
        493.04
       ],
       [
        -79.6523997188,
        0.3990198299,
        490.97
       ],
       [
        -79.6523065958,
        0.3990057483,
        489.14
       ],
       [
        -79.6523345076,
        0.3990205843,
        489.67
       ],
       [
        -79.6523006447,
        0.3990117833,
        487.72
       ],
       [
        -79.6522872336,
        0.3990050778,
        486.99
       ],
       [
        -79.652294945,
        0.3990249429,
        485.01
       ],
       [
        -79.6522477549,
        0.3990054131,
        481.92
       ],
       [
        -79.652186567,
        0.3989857156,
        479.65
       ],
       [
        -79.652181454,
        0.3989797644,
        477.29
       ],
       [
        -79.6521537937,
        0.3989692032,
        474.43
       ],
       [
        -79.65216938410002,
        0.398942465,
        472.27
       ],
       [
        -79.6521439031,
        0.3989566304,
        470.71
       ],
       [
        -79.6520811226,
        0.3989441413,
        467.66
       ],
       [
        -79.6520745847,
        0.3989849612,
        464.59
       ],
       [
        -79.6520044282,
        0.398977669,
        461.77
       ],
       [
        -79.6519770194,
        0.3989074286,
        460.13
       ],
       [
        -79.6519471798,
        0.3988903295,
        457.48
       ],
       [
        -79.65190351010001,
        0.3988822829,
        455.01
       ],
       [
        -79.6518710721,
        0.3988889046,
        453.05
       ],
       [
        -79.6518213674,
        0.3988927603,
        450.71
       ],
       [
        -79.6517848223,
        0.398879936,
        447.63
       ],
       [
        -79.6517644543,
        0.3988530301,
        446.45
       ],
       [
        -79.6517345309,
        0.3988710511,
        443.38
       ],
       [
        -79.6516736783,
        0.3988600709,
        440.3
       ],
       [
        -79.6516540647,
        0.3988628369,
        439.36
       ],
       [
        -79.651646018,
        0.3988624178,
        438.63
       ],
       [
        -79.6515364666,
        0.3988437261,
        435.12
       ],
       [
        -79.6514753625,
        0.398868788,
        431.78
       ],
       [
        -79.6514082234,
        0.3988497611,
        428.44
       ],
       [
        -79.6513798088,
        0.3988691233,
        425.06
       ],
       [
        -79.6513330378,
        0.3988863062,
        422.47
       ],
       [
        -79.6512804832,
        0.3988656029,
        419.48
       ],
       [
        -79.6510621347,
        0.3987854719,
        417.52
       ],
       [
        -79.650893826,
        0.3987461608,
        416.28
       ],
       [
        -79.65080581610002,
        0.3987017367,
        418.59
       ],
       [
        -79.6507662535,
        0.3986834642,
        418.6
       ],
       [
        -79.6507157944,
        0.398668712,
        415.44
       ],
       [
        -79.6506727114,
        0.3986862302,
        413.01
       ],
       [
        -79.6506182291,
        0.3987200093,
        410.53
       ],
       [
        -79.6505769063,
        0.3987615835,
        407.3
       ],
       [
        -79.6505658422,
        0.3987827897,
        405.11
       ],
       [
        -79.6505306382,
        0.3987300675,
        403.35
       ],
       [
        -79.6505136229,
        0.3987131361,
        400.63
       ],
       [
        -79.6504871361,
        0.3986917622,
        398.88
       ],
       [
        -79.6504671872,
        0.3987221047,
        397.2
       ],
       [
        -79.6504402813,
        0.3987435624,
        394.09
       ],
       [
        -79.6503932588,
        0.3987396229,
        392.05
       ],
       [
        -79.6503436379,
        0.398759488,
        388.86
       ],
       [
        -79.6503081825,
        0.3987670317,
        385.82
       ],
       [
        -79.6502698772,
        0.3988068458,
        383.77
       ],
       [
        -79.6502233576,
        0.3988065105,
        382.35
       ],
       [
        -79.6501511056,
        0.3988323268,
        381.46
       ],
       [
        -79.650073573,
        0.3988316562,
        381.58
       ],
       [
        -79.6499817912,
        0.3988402057,
        380.23
       ],
       [
        -79.6499108803,
        0.3988371883,
        378.51
       ],
       [
        -79.6498584095,
        0.3988423012,
        376.34
       ],
       [
        -79.6497439127,
        0.3988776729,
        375.15
       ],
       [
        -79.6496481076,
        0.3988926765,
        374.51
       ],
       [
        -79.6495813876,
        0.3988976218,
        374.87
       ],
       [
        -79.6494787931,
        0.3988782596,
        373.37
       ],
       [
        -79.6494079661,
        0.3988812771,
        371.86
       ],
       [
        -79.6493386477,
        0.3988820314,
        370.26
       ],
       [
        -79.6492389031,
        0.3988958616,
        367.37
       ],
       [
        -79.6491730213,
        0.3989145532,
        366.38
       ],
       [
        -79.6491017751,
        0.3989122901,
        363.67
       ],
       [
        -79.6490348876,
        0.3989254497,
        360.51
       ],
       [
        -79.648940675,
        0.3989473265,
        357.47
       ],
       [
        -79.6488286927,
        0.3989579715,
        354.91
       ],
       [
        -79.6487563569,
        0.398970712,
        351.68
       ],
       [
        -79.6487376653,
        0.3989747353,
        349.86
       ],
       [
        -79.6487209015,
        0.3989785071,
        350.02
       ],
       [
        -79.6487066522,
        0.3989748191,
        349.21
       ],
       [
        -79.6486644913,
        0.3989810217,
        347.02
       ],
       [
        -79.6486697719,
        0.3989866376,
        345.74
       ],
       [
        -79.6486756392,
        0.3990028147,
        343.92
       ],
       [
        -79.6486375015,
        0.3990009706,
        342.93
       ],
       [
        -79.6486176364,
        0.3990028147,
        342.77
       ],
       [
        -79.6486177202,
        0.3989842907,
        344.02
       ],
       [
        -79.6486173011,
        0.3989847098,
        344.02
       ],
       [
        -79.6486037225,
        0.3989943489,
        351.4
       ],
       [
        -79.6486121044,
        0.3989961091,
        350.74
       ],
       [
        -79.6485934127,
        0.3990004677,
        350.75
       ],
       [
        -79.64809301933613,
        0.39903122524622,
        351.37
       ],
       [
        -79.64809814847567,
        0.398969385085522,
        350.81
       ],
       [
        -79.64807768323423,
        0.398902387273598,
        350.7
       ],
       [
        -79.6480418659052,
        0.39880446641978,
        348.86
       ],
       [
        -79.64800092868913,
        0.398711698139431,
        348.1
       ],
       [
        -79.64797535364521,
        0.398588011898307,
        347.71
       ],
       [
        -79.64787812711134,
        0.398371552313785,
        348.67
       ],
       [
        -79.64764268389179,
        0.398170530169315,
        349.94
       ],
       [
        -79.64767853314488,
        0.398072621175387,
        351.58
       ],
       [
        -79.64798059947807,
        0.397809846767381,
        351.34
       ],
       [
        -79.64822544205825,
        0.39766524048782,
        350.4
       ],
       [
        -79.64836128856032,
        0.397432837767154,
        349.86
       ],
       [
        -79.64844038260944,
        0.397298355295304,
        349.27
       ],
       [
        -79.64850127958977,
        0.397228314530172,
        349.17
       ],
       [
        -79.64857088588919,
        0.397088224398176,
        348.32
       ],
       [
        -79.64864920007288,
        0.396886841241082,
        347.44
       ],
       [
        -79.64864923559551,
        0.39666793250013,
        345.65
       ],
       [
        -79.64867534788695,
        0.39655410424367,
        342.81
       ],
       [
        -79.64868195939954,
        0.396428776947267,
        343.69
       ],
       [
        -79.649441829,
        0.3965088632,
        342.47
       ],
       [
        -79.6494938806,
        0.3965191729,
        343.71
       ],
       [
        -79.6495659649,
        0.3965214361,
        343.31
       ],
       [
        -79.6496536396,
        0.3965242021,
        343.93
       ],
       [
        -79.6497014165,
        0.3965337574,
        343.8
       ],
       [
        -79.6497978084,
        0.3965663631,
        344.63
       ],
       [
        -79.6498690546,
        0.3965750802,
        345.56
       ],
       [
        -79.6499430668,
        0.3965943586,
        345.08
       ],
       [
        -79.6499499399,
        0.3965507727,
        345.8
       ],
       [
        -79.6499543823,
        0.3964755032,
        346.19
       ],
       [
        -79.6500003152,
        0.396411214,
        346.57
       ],
       [
        -79.6500242036,
        0.3963715676,
        346.67
       ],
       [
        -79.6500240359,
        0.3963279817,
        349.02
       ],
       [
        -79.6500442363,
        0.3962955438,
        350.83
       ],
       [
        -79.6500552166,
        0.3962869104,
        351.63
       ],
       [
        -79.6500780992,
        0.396243073,
        354.77
       ],
       [
        -79.6500839666,
        0.3962168377,
        356.52
       ],
       [
        -79.6500932705,
        0.3961908538,
        359.36
       ],
       [
        -79.6501112916,
        0.3961511236,
        361.96
       ],
       [
        -79.6500988863,
        0.3961230442,
        364.9
       ],
       [
        -79.6500966232,
        0.3960679751,
        367.74
       ],
       [
        -79.6501153149,
        0.3959640395,
        366.93
       ],
       [
        -79.6501259599,
        0.395941576,
        363.83
       ],
       [
        -79.6501307376,
        0.3959162626,
        361.59
       ],
       [
        -79.6501460765,
        0.3958855849,
        358.46
       ],
       [
        -79.6501393709,
        0.3958332818,
        355.96
       ],
       [
        -79.6501216013,
        0.395780392,
        352.87
       ],
       [
        -79.65005152878494,
        0.395696724042395,
        354.11
       ],
       [
        -79.64998908552217,
        0.395656740455282,
        356.33
       ],
       [
        -79.64998272312897,
        0.395636580438799,
        356.51
       ],
       [
        -79.64939910944561,
        0.395603154237522,
        356.71
       ],
       [
        -79.64971299320082,
        0.395452400362186,
        357.94
       ],
       [
        -79.6497752935629,
        0.395142649855735,
        357.93
       ],
       [
        -79.64983403152148,
        0.394865128188956,
        358.3
       ],
       [
        -79.64954593959891,
        0.394628731884679,
        358.04
       ],
       [
        -79.64896355132348,
        0.394082351522466,
        357.53
       ],
       [
        -79.6509282757,
        0.3945734818,
        358.56
       ],
       [
        -79.6509276051,
        0.3945703804,
        358.78
       ],
       [
        -79.6509933192,
        0.3945754934,
        360.06
       ],
       [
        -79.6509958338,
        0.3945786785,
        360.29
       ],
       [
        -79.65101243,
        0.3945871443,
        363.29
       ],
       [
        -79.6510614641,
        0.3946283832,
        366.55
       ],
       [
        -79.6510724444,
        0.3945959453,
        366.8
       ],
       [
        -79.6510866098,
        0.394602064,
        368.55
       ],
       [
        -79.6511215623,
        0.394606255,
        370.51
       ],
       [
        -79.6511787269,
        0.3946114518,
        374.03
       ],
       [
        -79.6512013581,
        0.3946245275,
        375.1
       ],
       [
        -79.6512150206,
        0.3946726397,
        378.18
       ],
       [
        -79.6512381546,
        0.3946851287,
        380.64
       ],
       [
        -79.6512595285,
        0.3947121184,
        383.39
       ],
       [
        -79.6513201296,
        0.3947536927,
        385.5
       ],
       [
        -79.6513620391,
        0.3947510105,
        388.46
       ],
       [
        -79.6513751149,
        0.3947676066,
        391.05
       ],
       [
        -79.6514063794,
        0.39475495,
        394.01
       ],
       [
        -79.6514233109,
        0.3947857954,
        396.39
       ],
       [
        -79.6514707524,
        0.3947893996,
        399.45
       ],
       [
        -79.6514927968,
        0.3948031459,
        401.02
       ],
       [
        -79.65151584710001,
        0.3948064987,
        403.58
       ],
       [
        -79.651542753,
        0.3947997093,
        405.89
       ],
       [
        -79.6515821479,
        0.3948080912,
        408.89
       ],
       [
        -79.651618693,
        0.3948432114,
        410.89
       ],
       [
        -79.6516453475,
        0.3948715422,
        412.67
       ],
       [
        -79.6516904421,
        0.3948596399,
        415.82
       ],
       [
        -79.651723383,
        0.3949132003,
        417.38
       ],
       [
        -79.6517547313,
        0.3949035611,
        420.74
       ],
       [
        -79.6518080402,
        0.394914709,
        422.71
       ],
       [
        -79.6518522128,
        0.3949092608,
        425.76
       ],
       [
        -79.6518967208,
        0.3949624021,
        428.54
       ],
       [
        -79.651943408,
        0.3949655872,
        431.67
       ],
       [
        -79.6519903466,
        0.3950066585,
        434.71
       ],
       [
        -79.652043907,
        0.3950258531,
        437.24
       ],
       [
        -79.6520788595,
        0.3950434551,
        438.61
       ],
       [
        -79.65213409620002,
        0.3950374201,
        441.46
       ],
       [
        -79.65216745620002,
        0.3950405214,
        443.05
       ],
       [
        -79.6522150654,
        0.3950655833,
        444.22
       ],
       [
        -79.6522659436,
        0.3950816765,
        445.1
       ],
       [
        -79.6523095295,
        0.3951544315,
        448.14
       ],
       [
        -79.652325036,
        0.3951447085,
        449.73
       ],
       [
        -79.6523641795,
        0.395141691,
        454.49
       ],
       [
        -79.65237014861549,
        0.395143859278918,
        456.61
       ],
       [
        -79.652413968,
        0.3951426968,
        459.07
       ],
       [
        -79.6524930932,
        0.3951646574,
        462.06
       ],
       [
        -79.65256073510001,
        0.3952147812,
        465.14
       ],
       [
        -79.6525976155,
        0.3952384181,
        467.51
       ],
       [
        -79.6526465658,
        0.3952639829,
        470.34
       ],
       [
        -79.6527296305,
        0.3952649049,
        472.95
       ],
       [
        -79.6528095938,
        0.3953017015,
        474.11
       ],
       [
        -79.6528664231,
        0.3953322116,
        477.22
       ],
       [
        -79.652936412,
        0.3953617159,
        478.82
       ],
       [
        -79.6530131903,
        0.3953909688,
        481.2
       ],
       [
        -79.6530586202,
        0.395405218,
        482.08
       ],
       [
        -79.65312073010001,
        0.3954459541,
        485.22
       ],
       [
        -79.65317026710001,
        0.3954735305,
        488.4
       ],
       [
        -79.6532374062,
        0.3955119196,
        490.56
       ],
       [
        -79.6533809882,
        0.3955540806,
        491.81
       ],
       [
        -79.6534941439,
        0.3955852613,
        492.87
       ],
       [
        -79.6535596903,
        0.3956073057,
        494.03
       ],
       [
        -79.6536150109,
        0.3956124187,
        495.21
       ],
       [
        -79.653672846,
        0.3956342954,
        497.78
       ],
       [
        -79.6537431702,
        0.3956684098,
        500.82
       ],
       [
        -79.6538051963,
        0.3957059607,
        503.86
       ],
       [
        -79.6538689826,
        0.3957378957,
        506.91
       ],
       [
        -79.6539070364,
        0.3957528993,
        509.38
       ],
       [
        -79.6539630275,
        0.3957912046,
        511.82
       ],
       [
        -79.6540367045,
        0.3958208766,
        515.36
       ],
       [
        -79.6540872473,
        0.3958432563,
        518.05
       ],
       [
        -79.6541327611,
        0.3958904464,
        521.09
       ],
       [
        -79.6541400533,
        0.3958927095,
        521.76
       ],
       [
        -79.6541601699,
        0.395879047,
        523.56
       ],
       [
        -79.6541784424,
        0.3958529793,
        523.61
       ],
       [
        -79.65418514800001,
        0.3958445136,
        523.6
       ],
       [
        -79.6542340983,
        0.395766478,
        522.14
       ],
       [
        -79.6542562265,
        0.3957519773,
        520.7
       ],
       [
        -79.65430081820001,
        0.3956828266,
        520.11
       ],
       [
        -79.6544002276,
        0.3955969121,
        518.54
       ],
       [
        -79.6544177458,
        0.3955354728,
        515.34
       ],
       [
        -79.6544067655,
        0.3955041245,
        513.95
       ],
       [
        -79.6544344258,
        0.3954789788,
        515.02
       ],
       [
        -79.6544465795,
        0.3953730315,
        514.13
       ],
       [
        -79.6544979606,
        0.3953267634,
        511.91
       ],
       [
        -79.6545446478,
        0.3953048866,
        510.26
       ],
       [
        -79.6545682847,
        0.3952225763,
        510.25
       ],
       [
        -79.6545900777,
        0.3951720335,
        509.56
       ],
       [
        -79.6546323225,
        0.3951540962,
        509.87
       ],
       [
        -79.6546835359,
        0.3951369133,
        509.89
       ],
       [
        -79.6547127049,
        0.3951478936,
        511.53
       ],
       [
        -79.6547716297,
        0.3951890487,
        514.82
       ],
       [
        -79.6547935903,
        0.3951892164,
        516.42
       ],
       [
        -79.6548378468,
        0.3952053934,
        518.85
       ],
       [
        -79.6548701171,
        0.3952061478,
        522
       ],
       [
        -79.6549304668,
        0.3952035494,
        524.58
       ],
       [
        -79.6549932472,
        0.3952012863,
        525.99
       ],
       [
        -79.6550617274,
        0.3952396754,
        528.33
       ],
       [
        -79.6551211551,
        0.3952639829,
        529.28
       ],
       [
        -79.6551871207,
        0.3952921461,
        530.01
       ],
       [
        -79.6552889608,
        0.3953421023,
        532.92
       ],
       [
        -79.6553409286,
        0.3953446168,
        535.65
       ],
       [
        -79.6553483047,
        0.3953479696,
        536.18
       ],
       [
        -79.6553991828,
        0.3953540884,
        539.38
       ],
       [
        -79.6554901265,
        0.3954328783,
        541.18
       ],
       [
        -79.655528767,
        0.3954625502,
        541.32
       ],
       [
        -79.6555855125,
        0.3955084831,
        541.53
       ],
       [
        -79.655631613,
        0.3955612052,
        538.46
       ],
       [
        -79.6556492988,
        0.3955623787,
        536.31
       ],
       [
        -79.6557208803,
        0.3955686651,
        533.02
       ],
       [
        -79.6558041964,
        0.395590961,
        529.94
       ],
       [
        -79.6558040287,
        0.3955887817,
        529.71
       ],
       [
        -79.6559031028,
        0.3955978341,
        526.64
       ],
       [
        -79.6559209563,
        0.395611329,
        530.01
       ],
       [
        -79.6559263207,
        0.3956156038,
        530.63
       ],
       [
        -79.6559979022,
        0.3956433479,
        533.96
       ],
       [
        -79.656047523,
        0.3956714272,
        532.4
       ],
       [
        -79.6560927853,
        0.3957070503,
        533.4
       ],
       [
        -79.65612111610001,
        0.3957164381,
        535.66
       ],
       [
        -79.6561867464,
        0.3957445174,
        538.01
       ],
       [
        -79.6562428214,
        0.395785002,
        539.33
       ],
       [
        -79.6562944539,
        0.3958186135,
        541.42
       ],
       [
        -79.6563303284,
        0.395877203,
        543.36
       ],
       [
        -79.6563988086,
        0.3958900273,
        544.31
       ],
       [
        -79.6565122996,
        0.395931853,
        544.19
       ],
       [
        -79.6565920115,
        0.3960266523,
        544.49
       ],
       [
        -79.6567263734,
        0.396132851,
        544.25
       ],
       [
        -79.6573876146929,
        0.396451847382565,
        244.82884289766903
       ],
       [
        -79.6573907337955,
        0.396446648878148,
        488.46
       ],
       [
        -79.6574669145,
        0.3963875771,
        484.81
       ],
       [
        -79.6574694291,
        0.3963956237,
        481.18
       ],
       [
        -79.6574687585,
        0.3963851463,
        480.75
       ],
       [
        -79.65762835,
        0.3962728288,
        486.41
       ],
       [
        -79.65767680910055,
        0.396199814883142,
        489.61
       ],
       [
        -79.65776471472863,
        0.396107282643064,
        490.18
       ],
       [
        -79.6579272486,
        0.3960025962,
        491.08
       ],
       [
        -79.658091031,
        0.3958902787,
        478.18
       ],
       [
        -79.6581911948,
        0.3957583476,
        468.98
       ],
       [
        -79.6582418215,
        0.3956715111,
        465.63
       ],
       [
        -79.65835692106513,
        0.39549656985855,
        447.06
       ],
       [
        -79.65847258636522,
        0.395380904558453,
        445.03
       ],
       [
        -79.65864377100937,
        0.395209719914309,
        431.83
       ],
       [
        -79.658720009,
        0.3951526713,
        428.76
       ],
       [
        -79.65877794275748,
        0.395043161882168,
        427.68
       ],
       [
        -79.6588544548,
        0.3950007912,
        426.24
       ],
       [
        -79.6588936080576,
        0.394908990134056,
        424.14
       ],
       [
        -79.65905091286572,
        0.394760938549931,
        412.98
       ],
       [
        -79.65916657816582,
        0.39464064663783,
        396.46
       ],
       [
        -79.65943207982522,
        0.394356666436754,
        396.2
       ],
       [
        -79.65975415786448,
        0.393942028179917,
        0
       ],
       [
        -79.660040997,
        0.3937342018,
        314.96
       ],
       [
        -79.6603954677,
        0.3934526537,
        304.63
       ],
       [
        -79.66042501663088,
        0.393400714620786,
        301.31
       ],
       [
        -79.66048978919893,
        0.393326688828724,
        298.96
       ],
       [
        -79.66056654230002,
        0.3932836745,
        295.75
       ],
       [
        -79.6606994793,
        0.3931448702,
        285.38
       ],
       [
        -79.6607109625,
        0.3931346443,
        283.65
       ],
       [
        -79.6607182547,
        0.393132465,
        282.74
       ],
       [
        -79.6608414117112,
        0.39296581309242,
        276.83
       ],
       [
        -79.66091081089127,
        0.392873280852342,
        274.19
       ],
       [
        -79.6609351784,
        0.3928533476,
        271.14
       ],
       [
        -79.6609979589,
        0.392811019,
        267.87
       ],
       [
        -79.6610681154,
        0.3927478194,
        264.85
       ],
       [
        -79.6612238511,
        0.3926080093,
        251.94
       ],
       [
        -79.6614840254,
        0.3924081009,
        233
       ],
       [
        -79.6615469735,
        0.3923402913,
        229.8
       ],
       [
        -79.66156778979581,
        0.392294954351855,
        228.6
       ],
       [
        -79.6616070718,
        0.3922328353,
        225.32
       ],
       [
        -79.6616230812,
        0.3921920992,
        224.74
       ],
       [
        -79.6616609674,
        0.3921379521,
        221.73
       ],
       [
        -79.6617358178,
        0.392082883,
        219.07
       ],
       [
        -79.661799120396,
        0.391984971347595,
        216.01
       ],
       [
        -79.661898762,
        0.3918906022,
        213.76
       ],
       [
        -79.6619373187,
        0.3918611817,
        213.24
       ],
       [
        -79.6621704195,
        0.3916856647,
        205.75
       ],
       [
        -79.6622765344,
        0.3916110657,
        203.02
       ],
       [
        -79.6624243911,
        0.3915540688,
        285.53
       ],
       [
        -79.6624533087,
        0.391558595,
        285.92
       ],
       [
        -79.6625613514,
        0.39158592,
        285.35
       ],
       [
        -79.6626657061,
        0.3916891851,
        284.87
       ],
       [
        -79.6627175063,
        0.3917818889,
        285.21
       ],
       [
        -79.66277634720001,
        0.3918305878,
        285.29
       ],
       [
        -79.6628169157,
        0.391894877,
        285.22
       ],
       [
        -79.6628803667,
        0.3920082003,
        285.71
       ],
       [
        -79.6628744155,
        0.3921729047,
        285.75
       ],
       [
        -79.6627507824,
        0.3922864795,
        285.7
       ],
       [
        -79.6627768502,
        0.3924700432,
        285.98
       ],
       [
        -79.6628299076,
        0.3925253637,
        285.87
       ],
       [
        -79.6628861502,
        0.3926040698,
        286.26
       ],
       [
        -79.6629468352,
        0.3927015513,
        285.97
       ],
       [
        -79.6629910916,
        0.3927220032,
        286.19
       ],
       [
        -79.66305429120001,
        0.392801296,
        286.04
       ],
       [
        -79.66317046430001,
        0.3928883001,
        287.39
       ],
       [
        -79.6632081829,
        0.3929266892,
        287.32
       ],
       [
        -79.6633412037,
        0.3929761425,
        287.39
       ],
       [
        -79.66344002630001,
        0.3929758072,
        287.39
       ],
       [
        -79.6635308024,
        0.3929948341,
        287.61
       ],
       [
        -79.6635843627,
        0.3930144478,
        287.86
       ],
       [
        -79.6636618115,
        0.3930976801,
        287.89
       ],
       [
        -79.663657872,
        0.3932242468,
        288.22
       ],
       [
        -79.6636470594,
        0.3934121691,
        288.75
       ],
       [
        -79.6636023838,
        0.3934778832,
        288.49
       ],
       [
        -79.6634941734,
        0.3935464472,
        288.36
       ],
       [
        -79.6633883938,
        0.39363035,
        288.71
       ],
       [
        -79.6633519325,
        0.3936736006,
        288.63
       ],
       [
        -79.6632029023,
        0.3937715851,
        288.62
       ],
       [
        -79.6631278843,
        0.3939214535,
        288.81
       ],
       [
        -79.6630893275,
        0.3940683044,
        288.6
       ],
       [
        -79.6630475018,
        0.3941554762,
        288.75
       ],
       [
        -79.6630429756,
        0.3942119703,
        290.81
       ],
       [
        -79.662948763,
        0.3943346813,
        292.23
       ],
       [
        -79.6629346814,
        0.3943485115,
        293.1
       ],
       [
        -79.6629100386,
        0.394370975,
        294.7
       ],
       [
        -79.6628668718,
        0.3943796922,
        297.5
       ],
       [
        -79.6628296562,
        0.3944193386,
        299.89
       ],
       [
        -79.662750531,
        0.3945565503,
        302.64
       ],
       [
        -79.6625903528,
        0.3947258648,
        301.59
       ],
       [
        -79.6625116186446,
        0.39478407160995,
        300.25
       ],
       [
        -79.66244684607653,
        0.394848844178005,
        303.9
       ],
       [
        -79.66237803920001,
        0.3949206602,
        305.52
       ],
       [
        -79.662354989,
        0.394942956,
        307.03
       ],
       [
        -79.662314672,
        0.3949618153,
        310.18
       ],
       [
        -79.6622802880444,
        0.395052415106176,
        312.05
       ],
       [
        -79.66221551547635,
        0.395121814286235,
        313.65
       ],
       [
        -79.66215536952029,
        0.395218973138316,
        0
       ],
       [
        -79.6620827448,
        0.395328775,
        318.55
       ],
       [
        -79.662008062,
        0.3954053018,
        317.93
       ],
       [
        -79.6618843451,
        0.3956753667,
        320.13
       ],
       [
        -79.6618833393,
        0.395679893,
        320.08
       ],
       [
        -79.6618493926,
        0.3957175277,
        323.23
       ],
       [
        -79.6618442796,
        0.3957272507,
        323.53
       ],
       [
        -79.661812596,
        0.3957648017,
        324.57
       ],
       [
        -79.66160942930384,
        0.396107282643064,
        0
       ],
       [
        -79.66150301722776,
        0.396283093899212,
        0
       ],
       [
        -79.6613601409,
        0.3964126389,
        360.31
       ],
       [
        -79.6613231767,
        0.3964457475,
        361.67
       ],
       [
        -79.6612741426,
        0.3965150658,
        364.86
       ],
       [
        -79.6612006333,
        0.3966024891,
        370.24
       ],
       [
        -79.6611534432,
        0.396691002,
        373.26
       ],
       [
        -79.6610740665,
        0.3967776708,
        375.6
       ],
       [
        -79.6610310674,
        0.3968295548,
        378.64
       ],
       [
        -79.6609961148,
        0.396877164,
        381.82
       ],
       [
        -79.6609518584,
        0.3969229292,
        384.88
       ],
       [
        -79.6608996391,
        0.3969735559,
        388.05
       ],
       [
        -79.6608625073,
        0.3970233444,
        391.14
       ],
       [
        -79.6607587393,
        0.3973049764,
        397.14
       ],
       [
        -79.66016893513327,
        0.398475594512141,
        386.86
       ],
       [
        -79.6601386461,
        0.3985264711,
        389.38
       ],
       [
        -79.6600349084223,
        0.398624070153226,
        395.3
       ],
       [
        -79.65971245661287,
        0.399167217452278,
        434.8
       ],
       [
        -79.6596535854,
        0.3992047347,
        437.05
       ],
       [
        -79.6596478857,
        0.3992106859,
        437.11
       ],
       [
        -79.6596410125,
        0.3992604744,
        437.6
       ],
       [
        -79.6596266795,
        0.3992805071,
        438.19
       ],
       [
        -79.6595727,
        0.3993626498,
        441.3
       ],
       [
        -79.6595325507,
        0.3993991949,
        443.83
       ],
       [
        -79.65928521710045,
        0.399781386829287,
        460.35
       ],
       [
        -79.65920607817215,
        0.399900095221755,
        463.41
       ],
       [
        -79.6591277048,
        0.4000416677,
        466.47
       ],
       [
        -79.6590152197,
        0.4001833219,
        472.21
       ],
       [
        -79.6589979529,
        0.4002230521,
        472.82
       ],
       [
        -79.65896727520001,
        0.4003215395,
        473.53
       ],
       [
        -79.65886584838557,
        0.400456297926724,
        473.26
       ],
       [
        -79.65881396438733,
        0.400504661526446,
        473.84
       ],
       [
        -79.65879393158824,
        0.400545816625937,
        477.2
       ],
       [
        -79.6587594878,
        0.4006358609,
        479.5
       ],
       [
        -79.6587323304,
        0.4006914329,
        482.66
       ],
       [
        -79.6587143932,
        0.4007247929,
        485.7
       ],
       [
        -79.65867449530002,
        0.400813641,
        487.47
       ],
       [
        -79.658605177,
        0.4009190015,
        488.29
       ],
       [
        -79.6585460007,
        0.4009979591,
        488.79
       ],
       [
        -79.6583075356,
        0.4013751447,
        501.74
       ],
       [
        -79.65827023610001,
        0.4014501628,
        504.78
       ],
       [
        -79.6582149155,
        0.4015209898,
        507.72
       ],
       [
        -79.6581668872,
        0.4015976004,
        511.01
       ],
       [
        -79.6580993291,
        0.4016823415,
        513
       ],
       [
        -79.6580650471,
        0.4017626401,
        516.23
       ],
       [
        -79.65806546620001,
        0.4017773084,
        516.77
       ],
       [
        -79.6580367163,
        0.4018437769,
        518.63
       ],
       [
        -79.6580074634,
        0.4018754605,
        519.21
       ],
       [
        -79.6579482034,
        0.4019843414,
        520.47
       ],
       [
        -79.6579024382,
        0.4020673223,
        521.66
       ],
       [
        -79.6578425914,
        0.4021563381,
        521.73
       ],
       [
        -79.6577739436,
        0.4022725113,
        524.44
       ],
       [
        -79.6577269211,
        0.4023644608,
        527.17
       ],
       [
        -79.6576613747,
        0.4024963081,
        528.15
       ],
       [
        -79.6576273441,
        0.4025401454,
        530.11
       ],
       [
        -79.6575918049,
        0.4025895149,
        531.22
       ],
       [
        -79.6575544216,
        0.4027169198,
        532.96
       ],
       [
        -79.657536149,
        0.4027703125,
        536.18
       ],
       [
        -79.6575007774,
        0.4028245434,
        539.05
       ],
       [
        -79.6574677527,
        0.402921522,
        542.4
       ],
       [
        -79.65742768720001,
        0.4029772617,
        545.14
       ],
       [
        -79.6573649906,
        0.4030528665,
        548.16
       ],
       [
        -79.6573162917,
        0.4031152278,
        549.17
       ],
       [
        -79.6572752204,
        0.4031541198,
        549.36
       ],
       [
        -79.65724068860646,
        0.403239798108674,
        549.1
       ],
       [
        -79.6572035551,
        0.4032616597,
        549.35
       ],
       [
        -79.65719014728731,
        0.40333245719379,
        549.26
       ],
       [
        -79.65714522167028,
        0.403416692725714,
        550.17
       ],
       [
        -79.65710871960644,
        0.403470041895933,
        553.2
       ],
       [
        -79.6570837777,
        0.403508842,
        553.06
       ],
       [
        -79.6570487414,
        0.4035927448,
        554.51
       ],
       [
        -79.6570085082,
        0.403666338,
        556.08
       ],
       [
        -79.656947488,
        0.4037573654,
        559.15
       ],
       [
        -79.6569342446,
        0.4037760571,
        559.61
       ],
       [
        -79.6568973642,
        0.4038426094,
        561.15
       ],
       [
        -79.6568234358,
        0.4039515741,
        562.02
       ],
       [
        -79.6567517705,
        0.4040505644,
        561.89
       ],
       [
        -79.6566790994,
        0.4041214753,
        564.37
       ],
       [
        -79.6565853897,
        0.4042061325,
        567.47
       ],
       [
        -79.6564971283,
        0.4042510595,
        570.79
       ],
       [
        -79.6563947853,
        0.4042917956,
        570.79
       ],
       [
        -79.6563220304,
        0.4043598566,
        573.87
       ],
       [
        -79.6562610101,
        0.4044019338,
        577.19
       ],
       [
        -79.6562205255,
        0.404434707,
        577.2
       ],
       [
        -79.656032268,
        0.4045473598,
        575.93
       ],
       [
        -79.65598725710001,
        0.4045587592,
        576.09
       ],
       [
        -79.6559263207,
        0.4046103079,
        579.37
       ],
       [
        -79.6558388136,
        0.4046494514,
        582.87
       ],
       [
        -79.6557265799,
        0.4047206976,
        584.64
       ],
       [
        -79.6556312777,
        0.4047832265,
        587.81
       ],
       [
        -79.6555907931,
        0.404792279,
        584.22
       ],
       [
        -79.6555396635,
        0.4047358688,
        581.96
       ],
       [
        -79.6554925572,
        0.4046812188,
        580.26
       ],
       [
        -79.655450061,
        0.4046321847,
        577.98
       ],
       [
        -79.655437069,
        0.4045813903,
        574.91
       ],
       [
        -79.65539415231908,
        0.404406156334965,
        571.15
       ],
       [
        -79.65535879047383,
        0.404312929652048,
        574.65
       ],
       [
        -79.6553517412,
        0.4042426776,
        575.97
       ],
       [
        -79.6553203091,
        0.4041752033,
        579.24
       ],
       [
        -79.65530735506256,
        0.404120046859806,
        581.82
       ],
       [
        -79.6552763041,
        0.4040114209,
        585.6
       ],
       [
        -79.655243028,
        0.4039176274,
        582.02
       ],
       [
        -79.6551817562,
        0.4038065672,
        575.34
       ],
       [
        -79.6550039761,
        0.4035442136,
        572.75
       ],
       [
        -79.654786801,
        0.4033044912,
        572.46
       ],
       [
        -79.6547422092,
        0.4032833688,
        575.95
       ],
       [
        -79.6546183247,
        0.4032290541,
        580.13
       ],
       [
        -79.6545537002,
        0.4031946044,
        577.26
       ],
       [
        -79.6545292251,
        0.4031204246,
        577.28
       ],
       [
        -79.6544682048,
        0.403085053,
        579.71
       ],
       [
        -79.6544472501,
        0.4030474182,
        580.69
       ],
       [
        -79.65444666330002,
        0.4030247871,
        581.26
       ],
       [
        -79.6544132195,
        0.4030003119,
        582.2
       ],
       [
        -79.6542799473,
        0.4028743319,
        586.11
       ],
       [
        -79.6542786062,
        0.402871985,
        586.03
       ],
       [
        -79.6542794444,
        0.4028757568,
        586.29
       ],
       [
        -79.6542576514,
        0.4028490186,
        586.31
       ],
       [
        -79.6542066894,
        0.4028163292,
        585.71
       ],
       [
        -79.6541793644,
        0.4027329292,
        584.35
       ],
       [
        -79.65411046520002,
        0.4026622698,
        581.44
       ],
       [
        -79.6540501993,
        0.4025942087,
        580.78
       ],
       [
        -79.6540130675,
        0.4025262315,
        579.87
       ],
       [
        -79.6540235449,
        0.4024582542,
        578.77
       ],
       [
        -79.6540347766,
        0.4024145845,
        577.42
       ],
       [
        -79.6540552285,
        0.4022987466,
        575.12
       ],
       [
        -79.654077692,
        0.4022418335,
        577.17
       ],
       [
        -79.654092947,
        0.402204534,
        579.83
       ],
       [
        -79.6541861538,
        0.4018638097,
        566.59
       ],
       [
        -79.654182801,
        0.4017833434,
        568.03
       ],
       [
        -79.6542746667,
        0.4013783298,
        568.28
       ],
       [
        -79.6542724874,
        0.401373636,
        568.09
       ],
       [
        -79.654269889,
        0.40128747,
        566.28
       ],
       [
        -79.6543127205,
        0.4010710493,
        578.55
       ],
       [
        -79.6543474216,
        0.4010025691,
        578.12
       ],
       [
        -79.6543432306,
        0.4009082727,
        575.83
       ],
       [
        -79.6543493494,
        0.4007783532,
        574.15
       ],
       [
        -79.65434993620002,
        0.4007517826,
        573.39
       ],
       [
        -79.654393103,
        0.4006816261,
        572.49
       ],
       [
        -79.6544270497,
        0.4006124754,
        570.95
       ],
       [
        -79.6544927638,
        0.4005178437,
        568.53
       ],
       [
        -79.6545238607,
        0.4004203621,
        566.52
       ],
       [
        -79.6545702126,
        0.4003610183,
        563.47
       ],
       [
        -79.6545814443,
        0.4003081284,
        562.36
       ],
       [
        -79.65458366820533,
        0.400225100684023,
        553.5352581516345
       ],
       [
        -79.6545605734,
        0.4002320208,
        542.15
       ],
       [
        -79.6545424685,
        0.4002204537,
        542.88
       ]
      ],
      [
       [
        -79.65736953202763,
        0.396481985157902,
        493.29
       ],
       [
        -79.65738444888642,
        0.396457123726763,
        245.3130535005122
       ],
       [
        -79.65733413351467,
        0.396523938952784,
        252.27666396116442
       ],
       [
        -79.65736953202763,
        0.396481985157902,
        493.29
       ]
      ]
     ]
    ]
   }
  }
 ]
}